date,cases_new,cases_0_4,cases_5_11,cases_12_17,cases_18_29,cases_30_39,cases_40_49,cases_50_59,cases_60_69,cases_70_79,cases_80,deaths_new,icu_covid
2020-01-25,4,0,0,0,0,0,1,0,0,0,0,0.0,0.0
2020-01-26,0,0,0,0,0,0,0,0,0,0,0,0.0,0.0
2020-01-27,0,0,0,0,0,0,0,0,0,0,0,0.0,0.0
2020-01-28,0,0,0,0,0,0,0,0,0,0,0,0.0,0.0
2020-01-29,3,1,0,0,0,1,0,1,0,0,0,0.0,0.0
2020-01-30,1,0,0,0,0,0,1,0,0,0,0,0.0,0.0
2020-01-31,0,0,0,0,0,0,0,0,0,0,0,0.0,0.0
2020-02-01,0,0,0,0,0,0,0,0,0,0,0,0.0,0.0
2020-02-02,0,0,0,0,0,0,0,0,0,0,0,0.0,0.0
2020-02-03,0,0,0,0,0,0,0,0,0,0,0,0.0,0.0
2020-02-04,2,0,0,0,0,0,1,0,1,0,0,0.0,0.0
2020-02-05,2,0,1,0,0,0,1,0,0,0,0,0.0,0.0
2020-02-06,2,0,0,0,0,1,1,0,0,0,0,0.0,0.0
2020-02-07,1,0,0,0,0,0,0,1,0,0,0,0.0,0.0
2020-02-08,1,0,0,0,0,0,0,0,1,0,0,0.0,0.0
2020-02-09,1,0,0,0,0,0,0,0,1,0,0,0.0,0.0
2020-02-10,1,0,0,0,0,1,0,0,0,0,0,0.0,0.0
2020-02-11,0,0,0,0,0,0,0,0,0,0,0,0.0,0.0
2020-02-12,0,0,0,0,0,0,0,0,0,0,0,0.0,0.0
2020-02-13,0,0,0,0,0,0,0,0,0,0,0,0.0,0.0
2020-02-14,1,0,0,0,0,1,0,0,0,0,0,0.0,0.0
2020-02-15,3,0,0,0,1,1,0,0,0,0,1,0.0,0.0
2020-02-16,0,0,0,0,0,0,0,0,0,0,0,0.0,0.0
2020-02-17,0,0,0,0,0,0,0,0,0,0,0,0.0,0.0
2020-02-18,0,0,0,0,0,0,0,0,0,0,0,0.0,0.0
2020-02-19,0,0,0,0,0,0,0,0,0,0,0,0.0,0.0
2020-02-20,0,0,0,0,0,0,0,0,0,0,0,0.0,0.0
2020-02-21,0,0,0,0,0,0,0,0,0,0,0,0.0,0.0
2020-02-22,0,0,0,0,0,0,0,0,0,0,0,0.0,0.0
2020-02-23,0,0,0,0,0,0,0,0,0,0,0,0.0,0.0
2020-02-24,0,0,0,0,0,0,0,0,0,0,0,0.0,0.0
2020-02-25,0,0,0,0,0,0,0,0,0,0,0,0.0,0.0
2020-02-26,0,0,0,0,0,0,0,0,0,0,0,0.0,0.0
2020-02-27,1,0,0,0,0,0,0,1,0,0,0,0.0,0.0
2020-02-28,2,0,0,0,0,0,2,0,0,0,0,0.0,0.0
2020-02-29,0,0,0,0,0,0,0,0,0,0,0,0.0,0.0
2020-03-01,4,0,0,0,1,1,1,1,0,0,0,0.0,0.0
2020-03-02,0,0,0,0,0,0,0,0,0,0,0,0.0,0.0
2020-03-03,7,0,0,0,0,1,4,2,0,0,0,0.0,0.0
2020-03-04,14,0,0,0,1,2,3,4,4,0,0,0.0,0.0
2020-03-05,5,0,1,0,0,1,2,0,1,0,0,0.0,0.0
2020-03-06,28,0,1,1,3,7,2,11,3,0,0,0.0,0.0
2020-03-07,10,0,1,0,1,0,2,4,2,0,0,0.0,0.0
2020-03-08,6,0,1,0,2,2,0,1,0,0,0,0.0,0.0
2020-03-09,18,0,1,0,1,1,4,6,5,0,0,0.0,0.0
2020-03-10,12,0,0,0,6,3,0,2,0,1,0,0.0,0.0
2020-03-11,20,0,1,1,4,2,1,3,7,1,0,0.0,0.0
2020-03-12,9,0,0,0,0,2,1,3,2,1,0,0.0,0.0
2020-03-13,39,0,0,0,8,10,3,10,4,4,0,0.0,0.0
2020-03-14,41,0,0,0,7,8,10,9,5,2,0,0.0,0.0
2020-03-15,190,1,1,3,35,30,28,35,38,9,1,0.0,0.0
2020-03-16,125,1,2,3,24,20,21,20,22,9,0,0.0,0.0
2020-03-17,120,4,1,3,32,17,26,16,18,2,1,2.0,0.0
2020-03-18,117,0,4,8,14,20,15,29,19,7,0,0.0,0.0
2020-03-19,110,6,0,7,15,19,24,19,16,3,1,0.0,0.0
2020-03-20,130,1,1,7,35,21,21,19,18,4,0,1.0,0.0
2020-03-21,153,6,1,4,29,37,18,22,26,4,3,4.0,0.0
2020-03-22,123,0,2,6,23,31,17,24,17,3,0,4.0,0.0
2020-03-23,212,1,1,4,47,44,26,38,26,8,1,5.0,0.0
2020-03-24,106,1,3,8,22,11,16,22,13,4,1,2.0,69.0
2020-03-25,172,3,1,6,39,18,20,37,31,9,3,3.0,60.0
2020-03-26,235,6,6,18,83,32,20,33,22,3,7,5.0,71.0
2020-03-27,130,2,5,3,28,22,17,28,13,7,3,2.0,75.0
2020-03-28,159,4,1,8,46,23,16,28,19,10,3,6.0,94.0
2020-03-29,150,3,2,6,45,19,17,28,18,7,2,5.0,97.0
2020-03-30,156,4,6,7,47,19,22,29,12,7,1,4.0,90.0
2020-03-31,140,2,2,7,40,27,11,22,19,7,2,5.0,93.0
2020-04-01,142,1,6,9,31,27,12,33,16,3,3,2.0,96.0
2020-04-02,208,2,6,13,54,30,19,39,29,7,1,2.0,93.0
2020-04-03,217,2,4,19,79,38,23,24,13,6,6,5.0,87.0
2020-04-04,150,1,1,8,35,22,24,30,13,1,1,3.0,87.0
2020-04-05,179,6,11,19,45,23,22,24,14,3,6,2.0,84.0
2020-04-06,131,4,9,6,31,13,20,13,23,6,1,2.0,84.0
2020-04-07,170,4,9,14,44,36,13,19,14,6,3,1.0,79.0
2020-04-08,156,3,5,20,38,26,15,22,19,7,0,1.0,77.0
2020-04-09,109,3,2,5,29,27,15,13,13,0,1,2.0,79.0
2020-04-10,118,0,2,11,35,20,9,20,13,3,4,3.0,80.0
2020-04-11,184,4,10,9,43,36,18,19,12,5,1,3.0,66.0
2020-04-12,153,4,8,9,34,26,12,12,13,3,1,5.0,62.0
2020-04-13,134,0,3,11,46,13,15,25,9,1,0,1.0,61.0
2020-04-14,170,1,5,10,61,36,12,15,17,8,0,3.0,54.0
2020-04-15,85,0,3,3,17,16,9,13,18,5,1,2.0,52.0
2020-04-16,110,4,11,15,25,16,15,6,14,1,1,2.0,48.0
2020-04-17,69,1,6,7,19,11,8,6,5,1,2,1.0,48.0
2020-04-18,54,4,0,5,9,14,8,6,4,4,0,0.0,49.0
2020-04-19,84,1,3,7,52,6,6,2,1,1,1,1.0,47.0
2020-04-20,36,0,2,3,16,4,4,2,2,0,3,1.0,47.0
2020-04-21,57,1,0,9,25,9,5,4,4,0,0,2.0,45.0
2020-04-22,50,0,0,4,12,13,5,3,2,2,1,2.0,42.0
2020-04-23,71,2,0,4,30,4,3,2,2,1,1,1.0,41.0
2020-04-24,88,3,0,6,25,5,5,3,1,1,0,1.0,40.0
2020-04-25,51,0,2,3,8,6,4,1,5,1,0,2.0,38.0
2020-04-26,38,0,1,2,4,5,9,4,7,1,0,0.0,38.0
2020-04-27,40,2,2,0,5,6,5,2,2,0,0,1.0,39.0
2020-04-28,31,1,0,1,9,2,2,4,3,0,1,1.0,36.0
2020-04-29,94,0,0,6,66,10,6,2,1,0,0,1.0,36.0
2020-04-30,57,1,2,4,17,16,6,5,2,2,1,2.0,29.0
2020-05-01,69,1,0,3,20,8,2,5,1,0,0,0.0,26.0
2020-05-02,105,3,3,4,34,28,14,11,2,2,0,1.0,26.0
2020-05-03,122,0,2,18,62,13,8,6,1,2,0,1.0,26.0
2020-05-04,55,0,2,4,12,18,8,4,0,0,0,0.0,25.0
2020-05-05,30,0,0,0,11,8,2,2,1,0,1,2.0,20.0
2020-05-06,45,0,0,4,17,10,3,3,4,1,0,0.0,17.0
2020-05-07,39,0,0,2,17,4,3,1,3,1,0,1.0,17.0
2020-05-08,68,0,0,1,33,24,7,1,0,1,0,0.0,17.0
2020-05-09,54,0,0,0,14,28,2,3,0,1,0,1.0,16.0
2020-05-10,67,0,0,5,29,24,4,1,0,1,0,1.0,14.0
2020-05-11,70,4,0,4,20,12,16,8,3,1,0,0.0,18.0
2020-05-12,16,0,0,0,1,3,0,4,1,0,0,1.0,16.0
2020-05-13,37,0,2,0,15,15,1,1,1,1,0,2.0,15.0
2020-05-14,40,0,0,2,11,9,3,0,0,0,0,0.0,13.0
2020-05-15,36,0,0,1,16,2,1,1,2,0,3,0.0,12.0
2020-05-16,17,1,0,1,5,5,2,2,0,0,1,0.0,13.0
2020-05-17,22,0,0,1,11,2,2,2,1,0,0,0.0,17.0
2020-05-18,47,0,0,0,22,8,3,3,1,2,0,1.0,23.0
2020-05-19,37,1,0,1,8,7,7,0,2,1,2,0.0,15.0
2020-05-20,31,1,0,1,8,8,4,4,1,0,0,0.0,11.0
2020-05-21,50,0,0,2,6,2,3,1,1,0,0,1.0,10.0
2020-05-22,78,0,0,8,28,5,6,0,2,0,0,0.0,10.0
2020-05-23,48,1,1,0,22,12,3,4,1,2,1,0.0,10.0
2020-05-24,60,0,1,3,29,14,5,3,2,0,0,0.0,10.0
2020-05-25,172,0,0,2,34,41,10,4,1,0,1,0.0,10.0
2020-05-26,187,1,0,1,26,45,27,9,2,0,0,0.0,10.0
2020-05-27,15,1,0,0,7,1,4,0,0,0,0,0.0,10.0
2020-05-28,10,0,0,1,3,0,2,0,0,0,0,0.0,10.0
2020-05-29,103,0,1,3,27,38,4,2,1,0,0,0.0,10.0
2020-05-30,30,0,0,2,9,1,1,0,3,1,0,0.0,10.0
2020-05-31,57,1,0,2,26,10,9,3,1,0,0,0.0,10.0
2020-06-01,38,1,2,1,23,4,3,1,0,0,0,0.0,9.0
2020-06-02,20,0,1,0,14,3,2,0,0,0,0,0.0,8.0
2020-06-03,93,0,1,29,23,33,1,0,0,0,0,0.0,8.0
2020-06-04,277,1,0,3,109,72,50,24,1,1,0,1.0,8.0
2020-06-05,19,3,0,2,6,3,1,1,0,0,1,1.0,7.0
2020-06-06,37,1,2,3,10,6,5,2,0,0,1,0.0,7.0
2020-06-07,19,0,1,2,7,2,1,3,1,1,0,0.0,7.0
2020-06-08,7,1,0,0,3,3,0,0,0,0,0,0.0,6.0
2020-06-09,7,0,0,0,5,1,0,0,0,0,0,0.0,6.0
2020-06-10,2,0,0,0,1,0,1,0,0,0,0,1.0,5.0
2020-06-11,31,0,0,1,23,4,1,0,0,0,0,1.0,5.0
2020-06-12,33,1,1,1,15,5,2,1,0,0,1,2.0,4.0
2020-06-13,43,6,6,8,8,8,3,2,0,0,2,0.0,4.0
2020-06-14,8,0,0,0,1,0,2,0,0,0,1,0.0,4.0
2020-06-15,41,3,4,3,16,6,4,1,1,1,0,0.0,4.0
2020-06-16,11,0,0,1,5,1,1,2,0,0,0,0.0,4.0
2020-06-17,10,2,0,1,2,1,1,0,3,0,0,0.0,4.0
2020-06-18,14,0,0,0,4,5,3,1,0,1,0,0.0,4.0
2020-06-19,6,0,0,1,1,1,2,0,1,0,0,0.0,3.0
2020-06-20,21,0,0,6,1,1,2,0,4,0,0,0.0,3.0
2020-06-21,16,0,0,0,4,7,1,2,2,0,0,0.0,3.0
2020-06-22,15,0,0,0,6,5,3,1,0,0,0,0.0,2.0
2020-06-23,3,0,0,0,2,0,0,0,0,0,1,0.0,3.0
2020-06-24,6,0,0,1,0,2,3,0,0,0,0,0.0,2.0
2020-06-25,4,0,0,0,1,1,1,0,1,0,0,0.0,2.0
2020-06-26,6,0,0,1,2,1,1,0,1,0,0,0.0,0.0
2020-06-27,10,0,1,2,1,3,1,2,0,0,0,0.0,2.0
2020-06-28,18,1,0,0,10,5,2,0,0,0,0,0.0,3.0
2020-06-29,3,0,1,0,1,1,0,0,0,0,0,0.0,3.0
2020-06-30,2,0,0,0,1,1,0,0,0,0,0,0.0,4.0
2020-07-01,1,0,0,0,1,0,0,0,0,0,0,0.0,5.0
2020-07-02,3,0,0,0,1,0,2,0,0,0,0,0.0,4.0
2020-07-03,5,0,0,0,2,0,1,1,1,0,0,0.0,2.0
2020-07-04,10,1,3,0,0,4,2,0,0,0,0,0.0,2.0
2020-07-05,5,1,0,0,0,1,1,1,1,0,0,0.0,2.0
2020-07-06,5,0,0,0,2,1,2,0,0,0,0,0.0,2.0
2020-07-07,6,0,0,0,3,2,0,1,0,0,0,0.0,2.0
2020-07-08,3,0,0,0,0,2,1,0,0,0,0,0.0,2.0
2020-07-09,6,0,1,1,2,1,0,1,0,0,0,0.0,2.0
2020-07-10,13,0,0,3,2,3,4,0,1,0,0,1.0,3.0
2020-07-11,8,0,0,0,5,1,0,0,0,1,1,0.0,2.0
2020-07-12,14,0,0,0,6,5,1,0,0,0,0,0.0,2.0
2020-07-13,7,0,0,0,2,0,1,3,0,1,0,0.0,3.0
2020-07-14,4,0,0,0,1,1,1,1,0,0,0,0.0,4.0
2020-07-15,5,0,0,0,1,0,3,1,0,0,0,0.0,3.0
2020-07-16,3,0,0,0,1,1,1,0,0,0,0,0.0,1.0
2020-07-17,18,1,2,0,4,6,1,1,3,0,0,1.0,1.0
2020-07-18,9,0,0,0,1,2,1,2,2,1,0,0.0,1.0
2020-07-19,15,0,0,0,3,4,3,2,0,2,0,0.0,1.0
2020-07-20,21,1,0,0,4,3,0,2,1,3,6,0.0,2.0
2020-07-21,15,0,0,1,3,4,5,1,0,1,0,0.0,2.0
2020-07-22,16,0,0,0,4,4,0,4,2,2,0,0.0,4.0
2020-07-23,9,0,0,0,3,4,1,0,1,0,0,0.0,5.0
2020-07-24,21,0,0,0,3,4,10,1,2,0,1,0.0,5.0
2020-07-25,23,0,0,0,5,7,4,4,2,1,0,0.0,2.0
2020-07-26,13,0,1,0,7,2,3,0,0,0,0,1.0,1.0
2020-07-27,7,0,1,0,3,2,0,0,1,0,0,0.0,0.0
2020-07-28,39,1,3,1,8,6,6,9,2,2,0,0.0,1.0
2020-07-29,13,0,0,1,2,5,1,3,1,0,0,1.0,2.0
2020-07-30,8,0,0,0,0,2,1,2,1,2,0,0.0,3.0
2020-07-31,12,0,0,0,2,5,1,3,1,0,0,0.0,3.0
2020-08-01,9,0,0,0,2,1,1,2,2,0,1,0.0,2.0
2020-08-02,14,2,2,1,2,3,1,3,0,0,0,0.0,2.0
2020-08-03,2,0,0,0,1,0,0,0,1,0,0,0.0,2.0
2020-08-04,1,0,0,0,0,1,0,0,0,0,0,0.0,0.0
2020-08-05,21,0,2,1,10,4,1,1,1,1,0,0.0,1.0
2020-08-06,15,1,1,0,4,4,1,3,1,0,0,0.0,2.0
2020-08-07,25,2,1,2,8,4,4,2,2,0,0,0.0,2.0
2020-08-08,7,0,0,0,2,1,3,1,0,0,0,0.0,2.0
2020-08-09,13,0,0,0,3,3,6,0,0,1,0,0.0,2.0
2020-08-10,11,1,0,0,7,1,1,1,0,0,0,0.0,1.0
2020-08-11,9,0,0,0,4,2,2,0,0,1,0,0.0,2.0
2020-08-12,11,0,0,0,3,3,0,3,2,0,0,0.0,1.0
2020-08-13,15,0,0,2,5,2,2,3,1,0,0,0.0,1.0
2020-08-14,20,1,0,0,2,11,1,4,1,0,0,0.0,4.0
2020-08-15,26,2,2,1,3,5,6,4,1,1,1,0.0,6.0
2020-08-16,25,2,1,1,7,7,4,2,0,0,0,0.0,7.0
2020-08-17,12,0,1,2,2,3,0,2,2,0,0,0.0,8.0
2020-08-18,7,2,1,1,1,1,0,0,0,1,0,0.0,8.0
2020-08-19,16,0,2,1,0,3,7,0,2,1,0,0.0,7.0
2020-08-20,5,0,0,0,1,2,0,2,0,0,0,0.0,8.0
2020-08-21,9,0,1,0,4,2,2,0,0,0,0,0.0,7.0
2020-08-22,8,0,0,1,3,1,0,3,0,0,0,0.0,8.0
2020-08-23,10,0,0,0,6,2,1,0,1,0,0,0.0,9.0
2020-08-24,7,0,0,0,2,3,1,1,0,0,0,0.0,8.0
2020-08-25,11,0,2,4,1,1,1,0,1,1,0,0.0,9.0
2020-08-26,6,0,3,0,0,0,1,1,0,1,0,0.0,9.0
2020-08-27,5,0,0,0,1,1,2,0,0,1,0,0.0,8.0
2020-08-28,10,1,0,0,2,4,1,1,0,0,1,0.0,8.0
2020-08-29,11,0,0,0,2,3,1,1,1,3,0,1.0,8.0
2020-08-30,17,3,1,0,5,5,2,1,0,0,0,1.0,7.0
2020-08-31,6,0,1,0,0,3,1,0,1,0,0,0.0,6.0
2020-09-01,14,0,1,1,4,4,3,0,1,0,0,1.0,5.0
2020-09-02,6,0,0,0,0,3,2,1,0,0,0,0.0,4.0
2020-09-03,14,2,0,2,1,5,2,0,2,0,0,0.0,4.0
2020-09-04,11,1,0,0,1,6,2,0,1,0,0,0.0,4.0
2020-09-05,6,0,0,0,1,1,3,0,0,0,1,0.0,5.0
2020-09-06,6,1,0,0,0,1,2,1,0,0,1,0.0,6.0
2020-09-07,62,1,0,3,21,18,12,5,2,0,0,0.0,6.0
2020-09-08,100,4,2,3,40,25,15,10,1,0,0,0.0,7.0
2020-09-09,24,3,1,3,4,5,3,1,2,1,1,0.0,7.0
2020-09-10,45,1,1,1,13,10,11,7,1,0,0,0.0,9.0
2020-09-11,182,1,2,0,54,69,36,17,3,0,0,0.0,9.0
2020-09-12,58,2,3,1,17,18,9,3,5,0,0,0.0,9.0
2020-09-13,47,0,0,0,16,14,9,3,1,4,0,0.0,9.0
2020-09-14,31,0,1,2,7,6,7,3,2,3,0,1.0,11.0
2020-09-15,23,2,1,3,7,5,4,1,0,0,0,0.0,15.0
2020-09-16,62,0,4,4,14,23,11,5,1,0,0,0.0,16.0
2020-09-17,21,1,0,0,7,4,1,3,2,2,1,0.0,12.0
2020-09-18,95,4,9,3,20,25,17,9,7,0,0,1.0,11.0
2020-09-19,20,1,6,1,4,1,3,2,0,2,0,1.0,12.0
2020-09-20,52,0,4,2,12,16,11,4,3,0,0,0.0,10.0
2020-09-21,57,4,7,7,15,9,8,3,1,2,0,0.0,9.0
2020-09-22,82,1,6,5,27,23,13,6,1,0,0,1.0,9.0
2020-09-23,147,2,5,3,48,39,32,12,4,1,1,1.0,10.0
2020-09-24,72,0,3,7,13,11,11,5,7,1,0,0.0,11.0
2020-09-25,110,0,6,18,18,16,20,21,8,3,0,0.0,6.0
2020-09-26,82,2,1,1,20,31,16,8,1,2,0,1.0,52.0
2020-09-27,150,5,14,28,28,24,15,13,3,1,2,1.0,8.0
2020-09-28,115,3,7,9,27,27,19,11,7,5,0,1.0,10.0
2020-09-29,101,3,3,5,25,30,13,7,7,0,0,0.0,9.0
2020-09-30,89,5,1,0,19,24,17,11,7,4,1,0.0,14.0
2020-10-01,260,23,21,16,38,49,24,25,14,1,1,0.0,16.0
2020-10-02,287,3,2,0,65,84,59,45,16,0,0,2.0,20.0
2020-10-03,317,6,22,2,86,86,49,37,6,8,1,1.0,24.0
2020-10-04,293,3,4,3,93,78,55,32,10,2,0,2.0,29.0
2020-10-05,432,4,12,11,121,114,84,47,15,2,1,3.0,31.0
2020-10-06,691,14,13,8,180,224,137,75,25,6,2,1.0,54.0
2020-10-07,489,7,21,7,128,127,86,59,34,11,4,3.0,57.0
2020-10-08,375,11,19,16,87,75,49,53,41,9,2,5.0,60.0
2020-10-09,354,15,13,10,83,81,55,58,31,6,1,4.0,77.0
2020-10-10,374,11,16,12,82,82,75,59,26,7,1,3.0,81.0
2020-10-11,561,20,28,36,123,126,88,65,47,7,9,3.0,90.0
2020-10-12,563,13,26,20,90,93,66,53,28,7,3,3.0,91.0
2020-10-13,660,10,34,32,158,147,109,76,65,12,13,4.0,91.0
2020-10-14,660,27,46,31,151,175,103,67,48,9,1,4.0,92.0
2020-10-15,589,15,38,31,122,118,66,52,66,14,4,2.0,115.0
2020-10-16,629,31,52,54,137,137,103,66,31,14,0,6.0,115.0
2020-10-17,869,73,36,39,219,196,142,102,42,7,3,6.0,116.0
2020-10-18,871,30,53,67,191,160,124,103,68,13,4,2.0,104.0
2020-10-19,865,37,61,50,224,172,129,92,38,12,7,7.0,113.0
2020-10-20,862,28,40,49,235,204,121,87,42,3,7,4.0,119.0
2020-10-21,732,46,63,54,197,142,92,83,34,13,5,7.0,124.0
2020-10-22,847,39,65,87,210,172,124,101,32,9,4,11.0,124.0
2020-10-23,710,23,30,49,206,181,102,74,36,4,2,9.0,119.0
2020-10-24,1228,37,57,92,273,330,193,129,48,13,3,3.0,120.0
2020-10-25,823,23,51,49,211,194,123,83,40,10,3,6.0,116.0
2020-10-26,1240,39,54,47,303,392,223,109,51,12,4,2.0,117.0
2020-10-27,835,22,46,54,185,142,85,69,35,12,3,2.0,114.0
2020-10-28,801,25,65,65,194,173,136,78,35,15,7,10.0,120.0
2020-10-29,649,24,41,40,211,133,95,61,25,6,0,4.0,123.0
2020-10-30,799,17,50,52,238,207,119,65,35,12,2,3.0,115.0
2020-10-31,659,19,52,65,181,161,84,47,28,13,3,5.0,112.0
2020-11-01,957,42,61,76,267,200,119,98,36,12,3,3.0,119.0
2020-11-02,834,35,51,73,229,181,119,84,38,10,2,2.0,114.0
2020-11-03,1054,45,58,68,309,265,144,94,45,7,6,2.0,116.0
2020-11-04,1032,53,51,62,333,227,115,92,60,18,4,1.0,107.0
2020-11-05,1009,24,45,60,303,211,148,120,50,14,1,6.0,99.0
2020-11-06,1755,62,87,112,519,440,250,162,59,12,5,2.0,104.0
2020-11-07,1168,38,60,106,401,253,145,83,47,7,3,3.0,104.0
2020-11-08,852,40,65,54,254,217,96,74,30,11,1,4.0,112.0
2020-11-09,972,44,59,99,284,191,97,76,44,13,5,8.0,106.0
2020-11-10,869,38,49,41,298,196,125,47,26,13,2,6.0,102.0
2020-11-11,822,20,31,27,342,206,79,57,33,8,5,2.0,112.0
2020-11-12,919,34,49,54,321,221,96,59,27,9,1,1.0,112.0
2020-11-13,1304,24,79,86,449,333,158,89,41,10,9,1.0,115.0
2020-11-14,1114,22,63,48,478,284,92,63,23,9,0,2.0,115.0
2020-11-15,1208,33,44,60,387,407,171,53,35,7,1,3.0,117.0
2020-11-16,1103,26,41,31,367,341,169,51,20,7,6,4.0,121.0
2020-11-17,1210,26,49,34,388,305,234,76,39,11,3,5.0,123.0
2020-11-18,660,16,36,36,203,170,94,65,20,8,1,4.0,118.0
2020-11-19,1290,28,55,59,463,367,157,84,41,9,4,4.0,129.0
2020-11-20,958,29,61,51,301,174,99,71,41,10,4,3.0,128.0
2020-11-21,1041,28,24,35,440,281,96,70,37,8,7,3.0,133.0
2020-11-22,1096,18,26,26,470,306,104,45,25,9,4,3.0,120.0
2020-11-23,1884,21,43,35,585,391,139,49,26,15,4,2.0,131.0
2020-11-24,2188,18,32,25,401,306,114,49,29,10,5,4.0,140.0
2020-11-25,970,23,41,41,288,267,146,71,43,8,8,4.0,122.0
2020-11-26,935,23,39,36,293,223,123,65,42,10,3,3.0,130.0
2020-11-27,1109,30,46,51,384,301,145,81,40,15,4,2.0,143.0
2020-11-28,1315,34,53,59,495,397,168,62,32,11,2,4.0,137.0
2020-11-29,1309,22,37,33,396,447,193,95,33,16,6,3.0,141.0
2020-11-30,1212,27,34,40,422,380,164,84,40,13,7,3.0,135.0
2020-12-01,1472,17,34,31,630,335,83,51,26,9,4,2.0,140.0
2020-12-02,851,26,54,42,286,187,127,63,45,12,2,2.0,138.0
2020-12-03,1075,30,53,43,387,252,115,72,38,12,2,11.0,136.0
2020-12-04,1141,35,56,56,348,213,119,64,50,15,6,0.0,144.0
2020-12-05,1123,29,45,73,362,321,122,96,54,13,4,4.0,151.0
2020-12-06,1335,24,47,39,498,366,144,80,47,16,1,3.0,141.0
2020-12-07,1600,32,42,50,425,491,272,118,62,20,6,2.0,154.0
2020-12-08,1012,33,42,35,367,276,136,60,38,14,3,4.0,150.0
2020-12-09,959,28,36,35,269,237,104,64,40,19,2,5.0,143.0
2020-12-10,2234,37,42,45,1001,724,190,96,43,14,5,3.0,142.0
2020-12-11,1810,25,66,68,688,469,211,90,56,10,4,6.0,145.0
2020-12-12,1937,19,46,72,798,607,175,91,49,11,6,9.0,140.0
2020-12-13,1229,29,56,53,401,374,148,80,37,15,6,4.0,142.0
2020-12-14,1371,30,45,46,483,455,174,63,43,11,1,4.0,144.0
2020-12-15,1772,50,64,36,522,627,246,85,59,15,0,3.0,153.0
2020-12-16,1295,27,37,38,456,413,168,78,36,10,7,7.0,142.0
2020-12-17,1220,32,40,46,413,295,157,92,49,13,4,3.0,148.0
2020-12-18,1683,29,44,39,614,464,205,94,40,16,6,0.0,152.0
2020-12-19,1153,32,48,29,334,384,155,101,47,10,4,1.0,150.0
2020-12-20,1340,28,52,53,435,389,186,109,48,13,2,4.0,151.0
2020-12-21,2018,27,41,34,834,658,253,103,47,11,1,1.0,152.0
2020-12-22,2062,65,73,70,742,690,252,92,43,9,6,1.0,150.0
2020-12-23,1348,19,39,41,399,394,205,83,43,11,2,5.0,152.0
2020-12-24,1581,36,50,39,484,456,230,116,64,23,3,2.0,159.0
2020-12-25,1247,38,63,45,364,335,169,93,53,11,3,3.0,166.0
2020-12-26,2335,40,54,65,684,686,313,110,72,23,2,2.0,168.0
2020-12-27,1196,46,62,46,319,305,159,92,64,25,6,1.0,177.0
2020-12-28,1594,41,77,58,452,469,252,126,66,23,4,3.0,183.0
2020-12-29,1925,51,74,37,509,606,300,132,53,26,4,2.0,182.0
2020-12-30,1870,48,87,60,484,434,232,156,79,33,9,6.0,191.0
2020-12-31,2525,56,76,63,1036,709,290,121,71,18,5,8.0,194.0
2021-01-01,2068,59,70,78,640,710,238,127,72,36,7,3.0,192.0
2021-01-02,2295,40,82,60,717,722,316,140,89,19,5,9.0,195.0
2021-01-03,1704,63,107,71,522,443,202,140,79,26,9,11.0,202.0
2021-01-04,1741,71,107,72,580,406,229,131,71,23,9,7.0,197.0
2021-01-05,2027,76,100,87,627,537,256,190,80,36,9,11.0,198.0
2021-01-06,2593,60,77,68,786,730,311,141,78,32,12,1.0,230.0
2021-01-07,3027,94,113,99,719,477,218,180,132,42,15,8.0,230.0
2021-01-08,2643,69,99,91,881,750,394,175,100,36,11,16.0,247.0
2021-01-09,2451,78,105,104,851,615,327,209,104,37,12,5.0,246.0
2021-01-10,2433,69,144,95,754,659,320,167,149,40,15,9.0,240.0
2021-01-11,2232,89,134,128,650,517,293,197,132,35,13,4.0,255.0
2021-01-12,3309,97,142,121,1066,886,457,272,139,32,12,4.0,265.0
2021-01-13,2985,90,142,130,865,852,413,224,136,61,17,4.0,275.0
2021-01-14,3337,109,151,128,1084,865,411,260,145,50,14,15.0,281.0
2021-01-15,3211,97,146,145,983,832,412,244,130,52,14,8.0,292.0
2021-01-16,4029,141,193,177,1292,1122,442,353,169,72,15,8.0,318.0
2021-01-17,3339,113,179,163,871,872,420,236,145,52,16,7.0,326.0
2021-01-18,3306,98,141,161,996,857,443,256,144,64,23,4.0,349.0
2021-01-19,3631,109,177,176,950,1069,483,338,182,63,26,14.0,353.0
2021-01-20,4008,120,172,178,1085,1219,550,356,216,72,21,11.0,363.0
2021-01-21,3170,101,169,170,924,771,371,299,192,82,38,12.0,366.0
2021-01-22,3631,157,207,177,1016,847,470,376,205,87,22,18.0,386.0
2021-01-23,4275,142,200,174,1155,1193,602,387,205,81,27,7.0,401.0
2021-01-24,3346,108,178,176,905,747,451,342,190,68,17,11.0,398.0
2021-01-25,3048,114,139,128,874,715,421,299,188,82,22,11.0,411.0
2021-01-26,3585,119,170,160,1053,875,492,377,207,54,22,11.0,418.0
2021-01-27,3680,114,143,141,1078,971,521,277,178,64,17,7.0,424.0
2021-01-28,4094,168,192,169,1172,1080,551,414,203,67,27,10.0,413.0
2021-01-29,5725,119,193,196,1681,1320,703,511,284,87,32,16.0,414.0
2021-01-30,5728,145,191,194,1915,1380,713,451,247,88,26,13.0,424.0
2021-01-31,5298,170,229,190,1792,1354,670,355,221,87,30,14.0,407.0
2021-02-01,4214,110,135,127,1369,997,515,309,187,55,30,10.0,414.0
2021-02-02,3455,109,101,119,1022,715,368,265,139,47,15,21.0,421.0
2021-02-03,4284,106,114,135,1498,1238,594,284,122,45,22,18.0,421.0
2021-02-04,4571,109,173,154,1461,1085,614,342,172,81,26,17.0,408.0
2021-02-05,3391,108,144,108,1012,800,468,299,141,61,34,19.0,401.0
2021-02-06,3847,104,143,121,1112,931,526,286,176,64,18,12.0,401.0
2021-02-07,3731,76,116,107,1119,975,470,252,118,54,24,15.0,396.0
2021-02-08,3100,80,84,90,1174,887,359,204,117,41,13,24.0,412.0
2021-02-09,2764,86,121,103,830,752,353,234,101,52,15,13.0,390.0
2021-02-10,3288,84,105,118,958,737,348,240,105,43,27,14.0,360.0
2021-02-11,3384,81,119,120,1039,907,460,262,126,42,19,1.0,349.0
2021-02-12,3318,63,93,73,1141,961,473,214,101,45,12,18.0,343.0
2021-02-13,3499,75,101,106,1193,844,370,224,87,26,14,6.0,334.0
2021-02-14,2464,73,86,104,724,634,365,197,103,61,19,8.0,325.0
2021-02-15,2176,75,103,95,631,515,315,222,97,50,22,11.0,324.0
2021-02-16,2720,80,97,83,709,798,351,154,91,46,20,9.0,321.0
2021-02-17,2998,63,76,87,1085,746,374,170,92,41,25,23.0,305.0
2021-02-18,2712,57,80,73,830,756,346,190,97,61,31,1.0,295.0
2021-02-19,2936,70,103,110,1127,759,366,163,84,34,12,39.0,283.0
2021-02-20,2461,74,105,83,732,622,329,174,72,33,8,9.0,284.0
2021-02-21,3297,65,85,89,1470,930,310,155,84,29,14,6.0,283.0
2021-02-22,2192,80,80,81,710,625,289,177,60,32,10,7.0,263.0
2021-02-23,2468,60,81,78,833,623,282,194,78,37,8,20.0,259.0
2021-02-24,3545,56,84,81,1345,1042,398,147,92,46,30,12.0,270.0
2021-02-25,1924,64,91,74,609,420,246,194,102,31,27,13.0,274.0
2021-02-26,2253,55,66,77,842,546,268,156,104,51,29,10.0,255.0
2021-02-27,2364,50,91,101,776,588,291,207,111,36,16,10.0,257.0
2021-02-28,2437,61,73,80,721,879,302,137,82,29,8,9.0,258.0
2021-03-01,1828,49,80,58,586,486,244,127,63,26,10,5.0,248.0
2021-03-02,1555,49,65,57,475,376,212,139,80,36,13,6.0,251.0
2021-03-03,1745,45,66,60,663,452,190,138,49,18,5,7.0,243.0
2021-03-04,2063,63,96,88,619,504,292,155,75,44,11,5.0,233.0
2021-03-05,2154,69,124,174,518,331,238,127,82,28,7,6.0,229.0
2021-03-06,1680,63,118,87,448,348,202,145,78,36,15,7.0,201.0
2021-03-07,1683,50,71,97,506,380,220,129,69,31,10,3.0,196.0
2021-03-08,1529,55,92,88,446,352,224,130,72,25,13,8.0,212.0
2021-03-09,1280,40,73,46,372,321,214,121,45,23,9,9.0,195.0
2021-03-10,1448,41,86,60,417,415,213,116,58,22,5,5.0,184.0
2021-03-11,1647,43,60,59,473,417,248,153,87,25,9,9.0,179.0
2021-03-12,1575,58,89,84,414,336,210,163,92,29,11,3.0,180.0
2021-03-13,1470,49,78,65,379,357,194,120,86,27,15,3.0,183.0
2021-03-14,1354,57,80,66,394,302,196,112,69,24,12,4.0,177.0
2021-03-15,1208,44,75,82,384,238,174,94,56,14,9,3.0,181.0
2021-03-16,1063,58,75,60,292,247,138,90,64,22,6,5.0,181.0
2021-03-17,1219,39,62,54,307,235,151,97,47,22,8,2.0,184.0
2021-03-18,1213,45,87,70,343,269,137,111,63,21,6,3.0,190.0
2021-03-19,1576,63,74,67,515,418,190,110,63,30,8,2.0,189.0
2021-03-20,1671,51,93,64,487,461,249,136,84,19,9,4.0,185.0
2021-03-21,1327,42,74,57,410,342,202,94,55,18,9,4.0,183.0
2021-03-22,1116,34,60,47,382,317,123,81,35,16,8,5.0,183.0
2021-03-23,1384,29,82,62,452,365,172,107,66,22,8,1.0,183.0
2021-03-24,1268,47,81,64,379,341,165,103,53,14,5,2.0,185.0
2021-03-25,1360,66,100,63,376,315,178,123,87,31,3,2.0,180.0
2021-03-26,1275,55,97,72,337,277,185,119,68,21,9,1.0,190.0
2021-03-27,1199,48,137,102,308,233,151,107,49,20,8,2.0,204.0
2021-03-28,1302,50,82,74,400,289,162,132,61,26,15,4.0,199.0
2021-03-29,941,27,69,52,267,247,105,89,44,24,6,5.0,199.0
2021-03-30,1133,34,87,68,337,303,136,83,52,18,4,4.0,198.0
2021-03-31,1482,45,96,85,482,379,186,119,53,24,5,8.0,199.0
2021-04-01,1178,37,72,74,342,275,157,97,66,30,4,6.0,196.0
2021-04-02,1294,44,81,60,358,289,152,120,74,19,14,5.0,195.0
2021-04-03,1638,49,87,91,448,554,172,101,65,29,6,3.0,203.0
2021-04-04,1349,58,73,71,331,280,149,125,73,20,7,2.0,202.0
2021-04-05,1070,44,78,61,304,239,146,94,69,15,9,7.0,211.0
2021-04-06,1300,37,83,94,300,289,169,128,58,14,5,5.0,218.0
2021-04-07,1139,48,79,68,260,284,137,130,78,42,8,4.0,240.0
2021-04-08,1285,40,50,77,357,371,173,113,66,23,9,4.0,230.0
2021-04-09,1854,69,132,117,479,421,250,199,124,38,12,5.0,231.0
2021-04-10,1510,57,102,115,377,348,210,142,101,35,13,8.0,231.0
2021-04-11,1739,53,106,104,490,401,247,162,91,44,8,8.0,228.0
2021-04-12,1317,44,79,80,332,282,173,131,98,34,10,4.0,245.0
2021-04-13,1767,66,106,87,585,358,198,195,104,37,13,12.0,241.0
2021-04-14,1889,71,110,219,449,395,196,181,116,41,9,8.0,248.0
2021-04-15,2148,60,128,234,608,457,275,160,122,60,20,10.0,259.0
2021-04-16,2551,71,143,169,953,493,297,218,113,51,15,2.0,281.0
2021-04-17,2331,79,150,327,647,461,277,185,127,29,16,5.0,273.0
2021-04-18,2195,80,126,212,614,455,263,185,118,35,18,8.0,281.0
2021-04-19,2078,81,119,259,526,411,265,218,114,46,19,8.0,295.0
2021-04-20,2341,100,141,342,607,449,297,199,121,56,17,3.0,314.0
2021-04-21,2340,84,118,413,566,443,273,216,123,61,17,11.0,321.0
2021-04-22,2875,104,186,540,658,509,375,246,149,64,17,7.0,327.0
2021-04-23,2847,96,200,322,769,513,339,263,179,65,8,8.0,328.0
2021-04-24,2717,102,195,381,630,543,331,264,143,87,14,11.0,338.0
2021-04-25,2690,89,192,279,617,506,393,265,185,75,13,10.0,345.0
2021-04-26,2776,97,190,255,659,595,329,276,203,68,15,13.0,378.0
2021-04-27,2733,88,214,318,703,489,362,259,182,57,27,13.0,390.0
2021-04-28,3142,97,256,358,742,560,435,320,237,98,28,15.0,406.0
2021-04-29,3332,105,264,341,783,646,419,334,220,126,25,15.0,399.0
2021-04-30,3788,127,300,473,815,708,490,407,266,102,37,14.0,418.0
2021-05-01,2881,95,250,279,710,553,347,289,197,89,22,15.0,436.0
2021-05-02,3418,150,304,390,730,658,446,348,228,85,23,12.0,442.0
2021-05-03,2500,86,204,239,575,509,330,269,185,70,18,18.0,452.0
2021-05-04,3120,121,227,289,740,585,404,345,247,82,27,23.0,442.0
2021-05-05,3744,130,253,303,970,727,512,389,295,107,32,17.0,453.0
2021-05-06,3551,124,252,241,910,700,493,397,263,132,23,19.0,497.0
2021-05-07,4498,173,438,372,967,873,635,493,350,139,35,22.0,521.0
2021-05-08,4519,153,333,297,1086,877,589,498,365,137,35,25.0,552.0
2021-05-09,3733,139,298,238,959,764,461,415,286,108,28,26.0,555.0
2021-05-10,3807,159,293,291,877,707,475,485,313,142,40,17.0,616.0
2021-05-11,3973,186,256,296,1042,795,501,441,296,103,28,22.0,636.0
2021-05-12,4765,164,296,324,1198,980,655,522,400,149,33,39.0,628.0
2021-05-13,4855,181,284,480,1194,977,608,509,364,156,57,27.0,655.0
2021-05-14,4113,179,279,273,983,794,513,461,387,162,37,34.0,664.0
2021-05-15,4140,165,281,235,1016,814,539,409,429,137,39,44.0,677.0
2021-05-16,3780,160,243,268,913,696,492,458,367,124,30,36.0,690.0
2021-05-17,4446,179,255,307,1063,842,583,498,460,166,55,45.0,756.0
2021-05-18,4865,211,308,331,1226,935,607,570,450,154,54,47.0,755.0
2021-05-19,6075,248,362,381,1489,1312,745,679,536,188,60,46.0,823.0
2021-05-20,6806,255,413,466,1720,1336,931,772,560,220,64,59.0,875.0
2021-05-21,6493,260,434,419,1666,1260,904,741,503,201,49,50.0,968.0
2021-05-22,6320,313,475,428,1512,1208,788,670,520,230,80,50.0,974.0
2021-05-23,6976,319,533,438,1829,1295,796,706,589,226,84,49.0,1009.0
2021-05-24,6509,295,498,482,1688,1299,830,655,466,184,51,61.0,1046.0
2021-05-25,7289,388,545,533,1893,1389,888,774,549,211,73,60.0,1129.0
2021-05-26,7478,367,583,501,1940,1457,885,821,564,209,63,63.0,1107.0
2021-05-27,7857,407,583,578,2024,1569,956,841,555,203,74,59.0,1126.0
2021-05-28,8290,428,645,627,2154,1557,987,866,568,226,77,61.0,1161.0
2021-05-29,9020,477,716,619,2302,1702,1145,961,638,225,57,98.0,1154.0
2021-05-30,6999,383,556,475,1817,1370,837,632,504,188,56,79.0,1157.0
2021-05-31,6824,366,619,518,1742,1267,805,642,515,187,48,67.0,1182.0
2021-06-01,7105,374,592,526,1944,1377,786,693,482,208,68,71.0,1181.0
2021-06-02,7703,421,606,507,2148,1471,938,708,453,193,60,126.0,1202.0
2021-06-03,8209,384,545,535,2279,1720,980,787,518,202,56,103.0,1176.0
2021-06-04,7748,392,564,494,2071,1517,909,779,485,182,73,86.0,1154.0
2021-06-05,7452,348,578,491,2025,1444,872,703,492,156,70,109.0,1155.0
2021-06-06,6241,341,517,366,1744,1247,715,581,364,146,49,87.0,1188.0
2021-06-07,5271,252,428,376,1474,995,651,539,322,140,52,82.0,1175.0
2021-06-08,5566,266,415,357,1541,1144,654,550,305,125,56,76.0,1155.0
2021-06-09,6239,296,459,415,1666,1242,711,671,372,137,55,75.0,1154.0
2021-06-10,5671,292,462,396,1467,1144,718,563,366,141,38,73.0,1126.0
2021-06-11,6849,283,415,405,1769,1545,850,623,327,132,50,84.0,1149.0
2021-06-12,5793,285,437,398,1488,1180,704,536,331,123,46,76.0,1133.0
2021-06-13,5304,257,392,334,1557,998,630,487,274,104,37,64.0,1150.0
2021-06-14,4949,237,353,327,1426,977,639,427,295,112,62,60.0,1130.0
2021-06-15,5419,262,424,358,1464,1040,618,532,302,145,94,101.0,1113.0
2021-06-16,5150,275,363,355,1301,1036,630,527,281,143,72,73.0,1141.0
2021-06-17,5738,280,419,387,1603,1247,754,518,293,125,38,60.0,1119.0
2021-06-18,6440,286,410,337,1519,1358,801,502,310,112,63,74.0,1125.0
2021-06-19,5911,238,405,331,1601,1366,743,475,303,103,43,72.0,1105.0
2021-06-20,5293,245,391,354,1410,1089,639,428,238,97,48,60.0,1088.0
2021-06-21,4611,219,329,304,1185,933,625,378,234,101,37,69.0,1085.0
2021-06-22,4743,259,388,290,1284,1000,552,408,308,107,47,77.0,1116.0
2021-06-23,5244,249,393,307,1451,1091,644,463,276,123,49,83.0,1119.0
2021-06-24,5841,294,453,379,1627,1136,732,520,350,122,45,84.0,1109.0
2021-06-25,5812,238,333,329,1540,1398,704,466,287,103,41,82.0,1109.0
2021-06-26,5803,210,363,326,1620,1439,744,477,317,120,27,81.0,1104.0
2021-06-27,5586,232,334,316,1680,1273,742,479,274,101,49,60.0,1126.0
2021-06-28,5218,233,411,348,1486,1203,630,436,261,92,32,57.0,1150.0
2021-06-29,6437,296,448,367,1620,1391,649,531,332,141,44,107.0,1160.0
2021-06-30,6276,322,459,377,1714,1328,789,570,319,123,65,62.0,1159.0
2021-07-01,6988,348,461,379,1935,1501,885,522,324,134,45,84.0,1204.0
2021-07-02,6982,321,423,413,2070,1500,911,603,343,134,47,73.0,1180.0
2021-07-03,6658,326,467,408,1856,1386,782,541,321,121,42,107.0,1163.0
2021-07-04,6045,345,480,383,1664,1287,764,497,273,129,62,63.0,1222.0
2021-07-05,6387,322,419,352,1862,1436,823,562,297,104,38,77.0,1228.0
2021-07-06,7654,403,534,400,2049,1533,825,571,346,133,43,103.0,1266.0
2021-07-07,7097,314,508,456,2001,1504,962,562,309,132,38,91.0,1288.0
2021-07-08,8868,367,503,493,2659,2012,1117,745,456,161,65,135.0,1289.0
2021-07-09,9180,420,658,517,2533,2062,1152,724,439,156,42,77.0,1311.0
2021-07-10,9353,352,558,485,2656,1934,1114,749,437,164,50,87.0,1310.0
2021-07-11,9105,452,684,556,2461,2052,1223,756,441,172,48,90.0,1332.0
2021-07-12,8574,481,667,580,2427,1833,1043,690,458,135,56,103.0,1391.0
2021-07-13,11079,624,878,708,2944,2390,1390,898,521,178,60,125.0,1416.0
2021-07-14,11618,755,865,699,3107,2559,1539,991,541,178,63,118.0,1253.0
2021-07-15,13215,748,995,907,3711,2762,1677,1120,542,187,67,110.0,1206.0
2021-07-16,12541,627,840,715,3689,2757,1588,1009,559,187,55,115.0,1270.0
2021-07-17,12528,674,893,818,3465,2670,1519,1044,540,195,83,138.0,1312.0
2021-07-18,10710,559,808,639,3047,2296,1403,887,483,157,51,153.0,1317.0
2021-07-19,10972,622,795,700,3169,2390,1492,948,465,172,72,129.0,1330.0
2021-07-20,12366,670,894,802,3458,2776,1564,1058,579,193,74,93.0,1339.0
2021-07-21,11985,743,1078,875,3168,2356,1438,1097,602,224,84,199.0,1332.0
2021-07-22,13034,747,1028,864,3538,2743,1721,1159,589,216,73,134.0,1373.0
2021-07-23,15573,849,1179,1081,4326,3263,2039,1320,762,274,86,144.0,1356.0
2021-07-24,15902,807,1200,962,4504,3450,2004,1437,854,315,88,184.0,1399.0
2021-07-25,17045,860,1208,1045,4629,3715,2340,1392,747,255,72,92.0,1438.0
2021-07-26,14516,816,1132,932,3865,2909,1772,1237,597,232,68,207.0,1354.0
2021-07-27,16117,889,1263,1148,4411,3464,2168,1389,753,279,73,207.0,1362.0
2021-07-28,17405,955,1447,1182,4598,3631,2224,1572,860,271,100,143.0,1477.0
2021-07-29,17170,1025,1358,1140,4960,3556,2259,1431,743,261,86,174.0,1494.0
2021-07-30,16840,919,1343,1178,4596,3543,2137,1388,712,298,98,134.0,1538.0
2021-07-31,17786,1042,1604,1352,4856,3690,2285,1429,781,292,113,165.0,1462.0
2021-08-01,17150,981,1487,1274,4489,3610,2188,1444,845,296,117,160.0,1423.0
2021-08-02,15764,871,1345,1130,4296,3295,1896,1296,723,256,93,219.0,1451.0
2021-08-03,17105,986,1438,1239,4656,3392,2207,1522,781,299,112,195.0,1460.0
2021-08-04,19819,1142,1595,1380,5288,4312,2511,1684,941,296,122,257.0,1484.0
2021-08-05,20596,1070,1531,1388,5690,4401,2829,1779,905,344,101,164.0,1462.0
2021-08-06,20889,1095,1621,1331,5679,4600,2855,1725,919,333,112,160.0,1491.0
2021-08-07,19257,1025,1480,1383,5074,4025,2601,1641,925,384,124,210.0,1521.0
2021-08-08,18688,973,1532,1340,5128,3958,2412,1580,929,331,121,360.0,1509.0
2021-08-09,17236,912,1388,1209,4568,3568,2262,1484,784,276,122,212.0,1537.0
2021-08-10,19991,1094,1586,1456,5230,3987,2572,1712,954,369,135,201.0,1593.0
2021-08-11,20780,1113,1776,1454,5484,4454,2806,1793,948,363,113,211.0,1489.0
2021-08-12,21668,1207,1716,1507,5951,4580,2727,1843,991,392,141,318.0,1524.0
2021-08-13,21468,1020,1654,1433,5632,4431,2754,1856,1017,397,179,277.0,1479.0
2021-08-14,20670,1101,1633,1467,5463,4314,2681,1837,1020,382,149,260.0,1455.0
2021-08-15,20546,1138,1825,1507,5525,4319,2742,1652,912,334,124,282.0,1432.0
2021-08-16,19740,1035,1745,1372,5247,4184,2452,1635,865,347,145,274.0,1430.0
2021-08-17,19631,1113,1703,1424,5107,4208,2503,1607,925,373,144,293.0,1514.0
2021-08-18,22242,1214,1774,1624,5694,4639,2918,1874,1034,404,146,225.0,1457.0
2021-08-19,22948,1254,1781,1665,6342,4770,3014,1939,1050,457,140,178.0,1454.0
2021-08-20,23564,1290,2060,1820,6234,4637,3074,2066,1074,459,159,233.0,1449.0
2021-08-21,22262,1269,1885,1685,5866,4397,2816,1854,1078,470,166,223.0,1486.0
2021-08-22,19807,1144,1774,1565,5188,4015,2449,1636,945,400,163,232.0,1452.0
2021-08-23,17672,1041,1562,1374,4400,3461,2332,1575,927,397,167,174.0,1460.0
2021-08-24,20837,1123,1833,1616,5633,4140,2602,1649,972,421,127,211.0,1482.0
2021-08-25,22642,1263,1958,1767,5756,4472,3020,1755,1117,475,199,265.0,1498.0
2021-08-26,24599,1346,2091,1722,6374,4922,3132,2022,1144,536,191,393.0,1484.0
2021-08-27,22070,1186,1787,1649,5759,4550,2963,1771,1149,443,147,339.0,1416.0
2021-08-28,22597,1262,1926,1717,5583,4539,2941,1813,1177,479,179,252.0,1462.0
2021-08-29,20579,1207,1818,1638,5614,3929,2446,1707,991,416,153,285.0,1419.0
2021-08-30,19268,1169,1759,1597,4929,3708,2380,1562,1048,427,175,294.0,1402.0
2021-08-31,20897,1188,1759,1683,5416,4150,2723,1768,1098,501,161,282.0,1419.0
2021-09-01,18762,1084,1680,1491,4651,3759,2375,1649,1044,451,163,278.0,1386.0
2021-09-02,20988,1176,1888,1796,5337,4056,2699,1776,1201,506,184,249.0,1355.0
2021-09-03,19378,1146,1779,1549,4704,3922,2511,1656,1042,449,198,330.0,1335.0
2021-09-04,19057,1145,1697,1668,4404,3706,2516,1683,1116,475,210,362.0,1321.0
2021-09-05,20396,1222,1815,1622,5085,4101,2556,1819,1183,508,178,336.0,1304.0
2021-09-06,17352,1099,1555,1451,4330,3461,2187,1371,993,427,142,272.0,1291.0
2021-09-07,18547,1090,1739,1559,4513,3592,2298,1630,1092,462,163,311.0,1278.0
2021-09-08,19733,1175,1803,1593,4981,3885,2512,1641,1131,545,180,361.0,1253.0
2021-09-09,19307,1165,1716,1597,4988,3948,2393,1599,1067,459,178,322.0,1271.0
2021-09-10,21176,1362,1983,1814,4997,4141,2640,1829,1197,581,208,341.0,1280.0
2021-09-11,19550,1171,1838,1650,4695,3888,2554,1635,1150,463,184,592.0,1233.0
2021-09-12,19198,1153,1838,1686,4796,3540,2336,1694,1231,509,174,292.0,1237.0
2021-09-13,16073,992,1506,1391,3967,3070,1977,1318,965,425,172,413.0,1194.0
2021-09-14,15669,1022,1519,1318,3693,3044,1931,1436,906,409,161,463.0,1192.0
2021-09-15,19495,1280,1921,1712,4502,3796,2412,1699,1216,544,192,422.0,1238.0
2021-09-16,18815,1213,1823,1528,4430,3795,2338,1628,1132,484,176,346.0,1182.0
2021-09-17,17577,1027,1563,1417,4322,3525,2243,1531,1037,450,181,387.0,1160.0
2021-09-18,15549,954,1475,1321,3678,2992,1914,1397,952,462,181,324.0,1144.0
2021-09-19,14954,945,1408,1233,3501,2938,1846,1359,898,428,141,376.0,1144.0
2021-09-20,14345,882,1439,1244,3360,2724,1715,1274,928,424,148,301.0,1099.0
2021-09-21,15759,935,1516,1399,3687,3051,1843,1436,968,461,182,334.0,1076.0
2021-09-22,14990,994,1477,1264,3462,2884,1892,1300,968,405,150,487.0,1073.0
2021-09-23,13754,902,1452,1098,3120,2672,1763,1295,852,383,136,116.0,1073.0
2021-09-24,14554,918,1416,1278,3260,2784,1884,1341,966,427,135,250.0,1031.0
2021-09-25,13899,904,1372,1176,3145,2658,1635,1210,901,481,164,228.0,1029.0
2021-09-26,13104,907,1221,1140,3074,2496,1502,1203,856,404,138,278.0,1003.0
2021-09-27,10959,744,1017,947,2405,2065,1340,994,830,348,178,258.0,931.0
2021-09-28,11332,739,1131,995,2532,2180,1379,1016,786,355,138,240.0,977.0
2021-09-29,12434,796,1100,959,2859,2444,1490,1190,877,420,151,208.0,970.0
2021-09-30,12735,860,1295,1134,2809,2429,1521,1195,816,389,125,192.0,917.0
2021-10-01,11889,832,1153,982,2632,2254,1443,1163,784,385,124,121.0,893.0
2021-10-02,10915,716,1153,941,2386,2062,1330,1024,728,348,124,109.0,883.0
2021-10-03,9066,659,965,832,1926,1566,1039,850,666,272,124,118.0,853.0
2021-10-04,8075,517,798,636,1845,1493,945,780,594,291,94,76.0,863.0
2021-10-05,8817,544,800,681,2012,1694,1068,857,633,300,114,117.0,841.0
2021-10-06,9380,661,935,761,2093,1773,1102,920,630,324,110,105.0,843.0
2021-10-07,9890,666,999,773,2145,1887,1224,919,691,361,163,132.0,831.0
2021-10-08,9751,630,1039,762,2048,1960,1115,915,729,338,114,78.0,791.0
2021-10-09,8743,638,965,720,1858,1641,965,812,597,336,142,74.0,777.0
2021-10-10,7373,551,795,542,1546,1389,851,725,555,256,118,64.0,759.0
2021-10-11,6709,467,713,493,1314,1273,839,661,523,284,105,93.0,756.0
2021-10-12,7276,507,685,579,1546,1383,909,669,523,278,107,103.0,738.0
2021-10-13,7950,555,722,495,1730,1551,982,743,580,289,157,68.0,722.0
2021-10-14,8084,536,878,545,1746,1497,1031,745,644,274,129,88.0,702.0
2021-10-15,7420,553,789,423,1560,1588,849,667,566,286,92,89.0,703.0
2021-10-16,7509,526,718,468,1684,1492,930,693,516,241,119,88.0,694.0
2021-10-17,6145,459,658,365,1302,1197,734,603,484,200,89,63.0,688.0
2021-10-18,5434,388,504,317,1164,1131,675,527,422,194,84,72.0,679.0
2021-10-19,5745,390,557,305,1243,1174,717,591,414,210,87,69.0,676.0
2021-10-20,5516,386,498,271,1182,1133,711,564,447,218,76,76.0,666.0
2021-10-21,6210,438,633,339,1273,1270,809,597,527,205,94,96.0,666.0
2021-10-22,6630,476,691,303,1389,1377,829,657,522,238,91,78.0,643.0
2021-10-23,5828,428,614,286,1163,1230,765,553,451,218,71,42.0,619.0
2021-10-24,5666,446,626,293,1136,1181,681,545,437,217,79,46.0,603.0
2021-10-25,4782,370,558,227,957,946,574,467,407,195,49,92.0,602.0
2021-10-26,5726,414,582,263,1198,1187,677,594,457,196,88,84.0,584.0
2021-10-27,6148,459,623,271,1266,1312,787,575,499,222,88,98.0,562.0
2021-10-28,6377,456,682,289,1438,1282,768,593,480,248,100,95.0,564.0
2021-10-29,6060,425,646,263,1311,1231,774,589,458,223,76,63.0,567.0
2021-10-30,5854,416,607,266,1255,1211,749,564,449,229,66,44.0,570.0
2021-10-31,4979,364,491,194,1038,1037,639,527,419,194,72,36.0,562.0
2021-11-01,4626,306,512,151,988,943,607,438,384,179,83,63.0,569.0
2021-11-02,5071,351,478,175,1110,1069,589,523,439,204,72,70.0,559.0
2021-11-03,5291,347,537,199,1188,1146,656,523,426,150,67,46.0,546.0
2021-11-04,5713,389,615,191,1187,1258,724,565,432,216,86,64.0,555.0
2021-11-05,4922,342,482,173,1087,1014,633,481,421,191,65,47.0,549.0
2021-11-06,4701,352,495,164,983,977,588,451,414,204,68,54.0,544.0
2021-11-07,4343,289,422,150,950,891,519,460,392,166,46,35.0,554.0
2021-11-08,4543,312,450,150,936,971,565,452,428,185,54,58.0,534.0
2021-11-09,5403,366,582,208,1181,1130,665,564,398,180,79,78.0,542.0
2021-11-10,6243,395,620,207,1332,1451,833,592,528,215,69,59.0,544.0
2021-11-11,6323,409,690,245,1329,1359,839,620,492,204,74,49.0,538.0
2021-11-12,6517,404,689,246,1427,1410,815,636,511,235,77,41.0,542.0
2021-11-13,5809,378,573,178,1228,1237,788,586,525,215,70,55.0,527.0
2021-11-14,5162,362,542,181,1030,1067,662,497,482,229,72,45.0,524.0
2021-11-15,5143,340,523,195,1210,1029,624,518,431,175,71,53.0,526.0
2021-11-16,5413,363,576,220,1134,1069,696,609,445,181,73,40.0,545.0
2021-11-17,6288,396,653,225,1349,1347,781,708,498,221,68,68.0,536.0
2021-11-18,6380,407,647,241,1367,1360,861,665,496,259,77,55.0,541.0
2021-11-19,6355,468,703,228,1397,1282,863,651,479,197,52,45.0,542.0
2021-11-20,5859,378,633,251,1198,1225,795,628,458,210,62,41.0,532.0
2021-11-21,4854,314,465,189,1063,1065,621,511,378,158,68,24.0,541.0
2021-11-22,4885,306,500,200,1048,1021,620,516,385,200,76,63.0,549.0
2021-11-23,5594,339,589,212,1191,1154,779,636,435,193,49,47.0,532.0
2021-11-24,5755,350,600,227,1245,1188,808,557,468,194,83,37.0,506.0
2021-11-25,6144,394,634,245,1338,1253,801,641,514,229,74,48.0,516.0
2021-11-26,5501,342,564,196,1203,1175,764,580,420,185,56,45.0,513.0
2021-11-27,5097,315,502,212,1064,1093,684,568,399,174,58,40.0,510.0
2021-11-28,4239,272,450,155,932,840,564,482,334,143,47,29.0,519.0
2021-11-29,4087,271,421,202,878,776,551,421,331,163,52,61.0,507.0
2021-11-30,4879,308,479,209,1072,974,708,536,358,165,60,55.0,512.0
2021-12-01,5439,338,553,197,1172,1183,767,546,387,197,61,49.0,500.0
2021-12-02,5806,344,606,304,1279,1207,779,610,410,174,59,47.0,510.0
2021-12-03,5551,359,557,304,1270,1154,737,522,411,167,48,17.0,498.0
2021-12-04,4896,330,500,211,1120,1030,648,500,327,158,52,36.0,490.0
2021-12-05,4298,281,453,184,1008,898,535,425,330,130,49,40.0,471.0
2021-12-06,4262,289,418,185,952,867,560,425,352,141,49,38.0,463.0
2021-12-07,4965,305,458,229,1111,1040,673,490,395,169,81,66.0,445.0
2021-12-08,5020,301,467,223,1148,1042,712,532,378,154,43,28.0,435.0
2021-12-09,5446,335,505,282,1300,1251,688,485,367,161,46,41.0,427.0
2021-12-10,5058,311,505,223,1138,1139,671,462,356,163,62,44.0,403.0
2021-12-11,4626,269,488,192,1079,1002,618,414,340,154,59,31.0,404.0
2021-12-12,3490,201,321,143,811,718,428,361,276,136,75,17.0,407.0
2021-12-13,3504,237,314,154,776,736,421,384,296,142,37,29.0,408.0
2021-12-14,4097,253,380,159,884,921,566,400,312,149,50,48.0,382.0
2021-12-15,3900,220,342,139,955,837,550,378,289,129,40,33.0,384.0
2021-12-16,4262,254,370,142,1011,949,572,395,343,132,46,37.0,384.0
2021-12-17,4362,266,382,193,1011,986,576,403,298,128,64,18.0,400.0
2021-12-18,4083,271,389,142,963,882,526,386,327,134,42,29.0,391.0
2021-12-19,3108,182,269,105,746,696,437,273,249,119,22,19.0,389.0
2021-12-20,2589,196,262,99,555,555,314,235,251,85,34,43.0,379.0
2021-12-21,3140,183,318,152,702,662,406,284,252,106,33,57.0,353.0
2021-12-22,3519,212,303,163,802,774,442,351,265,149,30,30.0,338.0
2021-12-23,3510,235,292,133,824,739,480,344,282,113,48,44.0,330.0
2021-12-24,3528,210,321,148,854,772,440,343,267,111,42,25.0,339.0
2021-12-25,3160,190,257,135,734,649,416,332,276,121,34,25.0,324.0
2021-12-26,2778,180,252,120,620,578,364,293,219,114,37,19.0,306.0
2021-12-27,2757,148,263,143,627,597,327,303,214,103,26,35.0,297.0
2021-12-28,2897,167,250,137,674,611,379,293,226,85,41,23.0,302.0
2021-12-29,3683,192,298,145,880,815,458,377,329,124,46,36.0,288.0
2021-12-30,3997,222,356,182,925,834,492,423,353,153,40,34.0,281.0
2021-12-31,3573,175,301,150,842,817,457,379,275,113,36,25.0,269.0
2022-01-01,3386,195,298,151,779,734,462,321,263,108,34,26.0,273.0
2022-01-02,2882,144,257,123,666,643,374,297,243,97,32,19.0,284.0
2022-01-03,2690,151,198,135,618,550,341,307,244,100,32,28.0,265.0
2022-01-04,2842,154,292,139,625,555,377,318,222,109,37,31.0,252.0
2022-01-05,3270,174,283,158,723,726,404,344,273,137,35,18.0,257.0
2022-01-06,3543,197,317,190,823,765,434,365,296,114,33,19.0,253.0
2022-01-07,3381,213,343,177,761,705,447,336,245,96,42,16.0,254.0
2022-01-08,3251,160,307,156,751,738,376,335,257,120,30,11.0,253.0
2022-01-09,2888,155,275,160,647,609,378,311,241,84,18,23.0,249.0
2022-01-10,2641,157,262,160,570,510,351,278,193,91,50,18.0,253.0
2022-01-11,3175,180,323,231,772,640,376,292,215,101,30,27.0,229.0
2022-01-12,3198,171,321,168,769,690,399,293,241,96,31,15.0,215.0
2022-01-13,3684,209,389,211,893,812,442,335,242,95,33,12.0,198.0
2022-01-14,3346,186,292,209,950,666,396,289,228,83,25,12.0,204.0
2022-01-15,3074,164,273,186,809,644,353,306,217,74,20,19.0,193.0
2022-01-16,3010,162,267,256,854,612,316,266,165,71,24,12.0,187.0
2022-01-17,2342,118,231,273,574,440,265,194,155,66,18,16.0,184.0
2022-01-18,3245,159,290,444,816,604,324,289,202,86,24,9.0,183.0
2022-01-19,3229,167,264,451,840,621,337,297,158,64,21,13.0,162.0
2022-01-20,3764,178,313,526,903,683,447,355,220,91,32,22.0,160.0
2022-01-21,4046,175,296,667,1017,744,426,338,240,85,29,16.0,149.0
2022-01-22,4116,181,375,510,1053,800,461,381,242,78,15,14.0,141.0
2022-01-23,3856,158,382,468,1002,742,422,334,223,85,24,9.0,143.0
2022-01-24,3214,144,259,462,766,608,371,267,218,78,26,10.0,146.0
2022-01-25,4066,183,364,588,1001,766,486,341,229,75,17,16.0,131.0
2022-01-26,4744,178,446,634,1237,988,572,363,195,82,25,12.0,129.0
2022-01-27,5439,223,456,957,1529,959,578,384,217,88,26,10.0,124.0
2022-01-28,5522,240,570,592,1689,1116,603,350,222,92,32,12.0,127.0
2022-01-29,5139,213,524,591,1485,1054,545,350,233,81,28,5.0,119.0
2022-01-30,4915,226,478,545,1409,1034,527,336,244,76,24,8.0,120.0
2022-01-31,4774,213,536,539,1296,957,543,338,231,80,16,13.0,114.0
2022-02-01,5566,277,547,530,1632,1183,600,396,244,105,35,7.0,113.0
2022-02-02,5736,270,531,497,1717,1263,660,414,245,89,34,7.0,112.0
2022-02-03,5720,295,552,488,1614,1310,641,416,251,102,32,8.0,114.0
2022-02-04,7234,325,648,581,2106,1594,914,491,335,129,42,11.0,114.0
2022-02-05,9117,424,882,712,2632,2056,1058,647,421,178,45,14.0,123.0
2022-02-06,10089,533,966,858,2757,2276,1170,735,502,199,77,9.0,137.0
2022-02-07,11034,573,1076,937,3091,2348,1287,865,545,222,85,9.0,135.0
2022-02-08,13944,672,1296,1174,3930,2864,1691,1093,706,308,103,13.0,138.0
2022-02-09,17134,829,1544,1581,4835,3571,2068,1320,849,360,120,9.0,147.0
2022-02-10,19090,907,1780,1541,5412,4107,2290,1583,925,371,121,10.0,158.0
2022-02-11,20939,978,1964,1836,6192,4291,2548,1655,949,386,120,24.0,156.0
2022-02-12,22802,1076,1951,1797,6652,5108,2765,1796,1102,400,138,15.0,176.0
2022-02-13,21072,980,1822,1608,6150,4550,2652,1729,1018,391,117,11.0,187.0
2022-02-14,21315,990,1769,1594,6286,4647,2723,1717,1030,382,145,24.0,199.0
2022-02-15,22133,1048,1972,1611,6095,4802,2930,1846,1126,452,153,31.0,194.0
2022-02-16,27831,1266,2546,2177,7874,6016,3622,2276,1273,542,169,21.0,204.0
2022-02-17,26701,1253,2483,2019,7430,5825,3462,2287,1207,484,176,39.0,216.0
2022-02-18,27808,1328,2487,2143,7666,6059,3653,2348,1370,542,157,36.0,235.0
2022-02-19,28825,1407,2505,2068,8050,6387,3771,2373,1412,567,191,34.0,238.0
2022-02-20,26832,1296,2341,1828,7593,5998,3497,2243,1223,554,195,37.0,247.0
2022-02-21,25099,1210,2165,1676,6798,5647,3389,2207,1242,535,187,43.0,272.0
2022-02-22,27179,1350,2433,1765,7402,6073,3634,2315,1373,568,184,43.0,286.0
2022-02-23,31199,1595,2794,2067,8591,6838,3926,2589,1549,739,266,55.0,305.0
2022-02-24,32070,1557,2456,1911,8445,7674,4581,2838,1692,620,241,46.0,327.0
2022-02-25,30644,1552,2382,1629,8667,6968,4242,2663,1634,652,205,57.0,332.0
2022-02-26,27299,1455,2093,1462,7455,6325,3808,2326,1428,646,222,43.0,348.0
2022-02-27,24466,1345,1887,1250,6683,5575,3296,2162,1363,585,209,39.0,353.0
2022-02-28,23100,1230,1667,1188,6042,5454,3191,2061,1321,636,221,75.0,361.0
2022-03-01,25854,1350,1855,1291,7065,5942,3460,2318,1602,645,233,78.0,374.0
2022-03-02,27500,1619,1911,1300,7385,6267,3767,2460,1690,748,250,115.0,360.0
2022-03-03,32467,1833,2306,1586,9003,7569,4253,2837,1884,775,286,86.0,355.0
2022-03-04,33209,1880,2285,1517,8977,7911,4498,3010,1865,863,316,78.0,348.0
2022-03-05,33406,1800,2211,1508,9184,8120,4610,2901,1942,807,323,67.0,372.0
2022-03-06,27435,1573,1757,1110,7310,6649,3766,2439,1622,757,313,55.0,380.0
2022-03-07,26856,1537,1661,1188,7235,6369,3731,2344,1590,792,298,77.0,368.0
2022-03-08,31490,1773,1948,1327,8820,7477,4253,2756,1840,869,339,79.0,373.0
2022-03-09,30246,1719,1794,1244,8097,7236,4142,2776,1921,917,323,113.0,388.0
2022-03-10,30787,1815,1900,1293,8125,7332,4174,2860,1851,905,336,70.0,389.0
2022-03-11,32800,1966,2079,1276,8768,7782,4329,3082,2060,927,361,76.0,380.0
2022-03-12,26250,1511,1567,984,6951,6227,3712,2482,1724,788,302,77.0,367.0
2022-03-13,22535,1426,1309,836,5952,5363,3028,2106,1448,700,288,87.0,384.0
2022-03-14,22030,1380,1273,744,5818,5165,3167,2143,1339,677,295,92.0,388.0
2022-03-15,26534,1671,1637,1039,6936,6295,3590,2471,1679,767,300,95.0,376.0
2022-03-16,28298,1627,1767,1079,7429,6789,3923,2602,1762,783,349,105.0,374.0
2022-03-17,27004,1600,1611,914,6934,6514,3811,2504,1719,774,345,86.0,373.0
2022-03-18,24241,1482,1448,903,6227,5828,3363,2336,1488,726,303,59.0,383.0
2022-03-19,22341,1379,1404,842,5683,5395,3052,2008,1409,616,275,85.0,390.0
2022-03-20,19105,1269,1199,689,4915,4565,2618,1893,1189,508,251,71.0,370.0
2022-03-21,17828,1143,1214,709,4424,4118,2466,1695,1114,541,245,63.0,358.0
2022-03-22,21483,1296,1447,780,5509,5134,2982,1988,1242,591,302,73.0,343.0
2022-03-23,22491,1368,1411,791,5266,5515,3459,2183,1325,652,305,65.0,332.0
2022-03-24,24316,1280,1613,1051,6016,5899,3545,2274,1435,695,281,64.0,321.0
2022-03-25,21839,1236,1675,1023,5349,5039,3061,2015,1237,587,256,52.0,291.0
2022-03-26,20923,1312,1658,923,4938,4911,2958,1958,1244,586,252,34.0,302.0
2022-03-27,16863,1105,1298,757,4098,4035,2347,1570,992,461,194,38.0,299.0
2022-03-28,13336,861,990,496,3046,3064,1868,1278,839,438,188,54.0,288.0
2022-03-29,15215,970,1201,642,3545,3555,2125,1380,891,455,199,64.0,282.0
2022-03-30,15941,907,1360,739,3787,3797,2163,1439,939,405,167,33.0,275.0
2022-03-31,18560,1203,1557,773,4427,4486,2585,1550,940,456,202,44.0,267.0
2022-04-01,17476,1096,1521,802,4192,4140,2311,1465,894,440,196,30.0,259.0
2022-04-02,14692,867,1198,671,3491,3600,1998,1274,789,361,154,56.0,261.0
2022-04-03,12380,743,1010,598,2919,2921,1698,1058,692,310,138,30.0,256.0
2022-04-04,10002,613,847,502,2363,2295,1401,901,573,279,120,28.0,236.0
2022-04-05,12017,788,988,530,2936,2934,1603,1010,604,291,119,33.0,234.0
2022-04-06,12105,709,1051,595,2719,2935,1737,1026,643,305,136,32.0,221.0
2022-04-07,11994,681,1056,740,2567,2937,1725,1094,587,294,159,36.0,197.0
2022-04-08,14944,758,1166,850,3471,3635,2160,1298,744,349,158,31.0,206.0
2022-04-09,10177,614,902,608,2361,2407,1434,781,556,235,118,21.0,195.0
2022-04-10,8112,493,757,614,1801,2001,1028,669,426,219,101,12.0,174.0
2022-04-11,7739,484,664,551,1628,1900,1090,669,434,186,131,19.0,174.0
2022-04-12,9002,499,690,759,2000,2226,1251,736,480,240,106,30.0,153.0
2022-04-13,10052,534,867,953,2167,2412,1403,883,485,232,108,22.0,161.0
2022-04-14,10413,662,914,1116,2158,2581,1289,846,510,227,105,18.0,154.0
2022-04-15,9673,533,812,1227,2043,2210,1267,783,479,206,109,16.0,152.0
2022-04-16,9705,510,704,1257,2085,2098,1311,764,476,200,101,12.0,134.0
2022-04-17,6623,317,498,708,1489,1510,879,507,343,191,103,12.0,126.0
2022-04-18,7140,322,529,648,1608,1614,978,601,414,206,84,16.0,110.0
2022-04-19,6069,226,468,982,1235,1304,796,425,326,161,64,12.0,97.0
2022-04-20,6968,324,559,978,1520,1544,925,515,363,170,68,16.0,97.0
2022-04-21,5899,302,471,650,1311,1252,833,473,298,136,72,5.0,92.0
2022-04-22,6342,262,490,714,1398,1462,839,539,298,169,67,12.0,91.0
2022-04-23,5624,257,505,563,1231,1316,775,456,257,156,53,9.0,89.0
2022-04-24,4006,185,315,415,846,953,601,335,232,93,30,8.0,98.0
2022-04-25,2478,116,178,258,514,573,361,202,158,75,43,8.0,98.0
2022-04-26,3361,170,251,400,730,739,464,259,185,84,36,13.0,101.0
2022-04-27,3471,169,257,391,750,764,499,275,201,88,41,6.0,98.0
2022-04-28,2935,107,168,274,729,711,442,243,165,55,39,10.0,84.0
2022-04-29,2579,107,124,184,633,602,408,260,142,70,48,6.0,78.0
2022-04-30,2107,96,117,179,472,507,338,191,120,58,29,5.0,69.0
2022-05-01,1503,72,55,111,395,310,250,131,76,56,28,3.0,69.0
2022-05-02,1352,50,64,77,290,357,227,135,87,43,21,5.0,66.0
2022-05-03,922,39,64,74,252,213,93,61,79,35,12,9.0,69.0
2022-05-04,1054,67,154,68,171,187,114,86,118,69,20,3.0,74.0
2022-05-05,1278,53,110,71,259,313,216,106,85,46,19,2.0,66.0
2022-05-06,1251,64,49,58,318,301,206,116,66,50,21,7.0,76.0
2022-05-07,1372,60,76,72,322,311,247,124,82,47,31,3.0,86.0
2022-05-08,2153,98,118,109,578,478,346,212,129,54,25,4.0,88.0
2022-05-09,2246,89,102,133,609,502,387,210,115,76,23,1.0,69.0
2022-05-10,2605,136,120,189,654,595,420,243,125,84,39,6.0,67.0
2022-05-11,3321,138,205,259,814,783,541,283,161,85,39,8.0,59.0
2022-05-12,3410,135,179,222,881,793,567,309,164,96,43,4.0,51.0
2022-05-13,3029,102,163,249,774,733,482,262,141,81,41,5.0,42.0
2022-05-14,2373,78,135,167,685,549,368,182,124,58,26,5.0,47.0
2022-05-15,2239,105,122,158,590,546,364,161,110,55,28,3.0,45.0
2022-05-16,1697,77,79,117,423,430,252,132,97,49,32,5.0,40.0
2022-05-17,1469,81,86,103,351,331,239,126,83,48,21,3.0,36.0
2022-05-18,2017,62,86,168,533,458,329,201,99,51,30,7.0,38.0
2022-05-19,2124,79,98,168,527,545,332,186,98,59,32,3.0,35.0
2022-05-20,2063,86,120,187,508,464,315,201,96,46,36,5.0,36.0
2022-05-21,2021,70,105,166,504,460,317,182,115,53,32,3.0,39.0
2022-05-22,1817,68,132,133,452,413,261,159,103,57,39,2.0,40.0
2022-05-23,1544,35,85,128,376,363,242,159,79,52,24,2.0,39.0
2022-05-24,1918,77,96,175,481,451,304,161,105,43,25,2.0,32.0
2022-05-25,2430,55,118,199,711,564,347,211,119,60,30,6.0,31.0
2022-05-26,1845,60,83,127,468,503,270,155,98,54,25,3.0,27.0
2022-05-27,1877,97,117,166,396,387,343,163,113,65,30,2.0,30.0
2022-05-28,1645,59,82,155,428,370,265,146,83,35,22,2.0,34.0
2022-05-29,1155,42,60,88,251,273,194,125,70,29,14,5.0,34.0
2022-05-30,1325,57,65,114,295,304,227,113,79,47,20,4.0,32.0
2022-05-31,1451,46,75,147,343,338,234,122,79,48,18,7.0,28.0
2022-06-01,1809,51,101,166,419,426,315,185,90,33,20,2.0,26.0
2022-06-02,1877,46,81,166,475,421,363,182,78,52,12,2.0,29.0
2022-06-03,1844,57,88,159,472,429,294,187,90,40,25,1.0,27.0
2022-06-04,1591,42,87,98,388,423,263,152,81,43,13,5.0,27.0
2022-06-05,1358,39,48,96,360,327,211,145,75,35,19,2.0,26.0
2022-06-06,1330,43,56,82,322,342,235,135,74,29,11,2.0,22.0
2022-06-07,1128,46,51,68,258,258,197,119,71,37,21,9.0,25.0
2022-06-08,1518,52,42,70,411,402,260,138,83,41,18,6.0,26.0
2022-06-09,1887,71,69,94,507,508,314,168,78,49,29,3.0,25.0
2022-06-10,2166,55,74,88,591,574,400,205,104,46,29,1.0,24.0
2022-06-11,1709,64,80,70,438,381,330,178,99,39,30,2.0,24.0
2022-06-12,1571,46,73,90,432,364,276,145,72,46,26,1.0,26.0
2022-06-13,2092,54,78,101,577,497,391,216,92,50,27,4.0,24.0
2022-06-14,1922,63,91,131,466,434,356,204,103,56,17,4.0,32.0
2022-06-15,2320,74,105,167,559,575,425,215,111,60,29,5.0,38.0
2022-06-16,2033,61,90,128,518,531,354,204,82,43,21,5.0,32.0
2022-06-17,2130,54,84,113,575,521,362,229,101,67,24,1.0,35.0
2022-06-18,2127,57,116,121,604,502,334,202,99,58,34,1.0,23.0
2022-06-19,1690,58,67,79,501,405,280,148,73,47,32,0.0,23.0
2022-06-20,2093,55,85,107,582,524,352,212,85,64,27,3.0,23.0
2022-06-21,1921,58,95,117,446,456,323,204,124,60,38,2.0,29.0
2022-06-22,2425,78,89,200,628,559,387,248,124,52,48,4.0,30.0
2022-06-23,2796,74,98,173,765,720,431,280,155,69,30,1.0,38.0
2022-06-24,2512,73,84,188,612,641,407,233,149,86,39,3.0,34.0
2022-06-25,2302,73,76,152,579,546,346,244,147,76,59,0.0,31.0
2022-06-26,2003,70,106,141,488,476,352,183,99,55,31,1.0,31.0
2022-06-27,1894,51,96,152,454,402,304,208,105,66,48,8.0,34.0
2022-06-28,2025,67,115,147,505,477,319,176,103,77,37,4.0,37.0
2022-06-29,2605,88,115,226,694,609,407,249,129,51,36,5.0,40.0
2022-06-30,2867,95,142,229,732,731,449,225,139,79,45,2.0,43.0
2022-07-01,2773,87,132,229,715,668,415,249,132,81,64,6.0,47.0
2022-07-02,2527,99,128,153,663,645,398,208,139,58,36,0.0,43.0
2022-07-03,2536,84,114,167,649,622,381,237,154,83,44,5.0,45.0
2022-07-04,1918,58,84,142,463,485,308,181,103,53,41,8.0,44.0
2022-07-05,2932,92,117,217,758,747,492,222,154,72,45,3.0,42.0
2022-07-06,3561,121,151,300,875,835,604,357,163,106,49,5.0,40.0
2022-07-07,4020,106,183,280,1079,1009,672,349,184,79,46,3.0,45.0
2022-07-08,3589,116,136,201,1002,902,561,308,211,89,61,6.0,42.0
2022-07-09,2799,99,110,193,733,673,422,268,137,72,69,8.0,41.0
2022-07-10,3264,101,136,204,863,794,543,280,194,97,52,2.0,43.0
2022-07-11,2417,101,104,174,598,599,374,210,126,84,45,5.0,48.0
2022-07-12,2345,85,106,154,550,571,397,211,143,83,37,3.0,52.0
2022-07-13,3934,109,127,298,1052,994,614,336,217,112,72,9.0,53.0
2022-07-14,4098,137,165,256,1061,1070,642,373,216,109,69,8.0,53.0
2022-07-15,5230,146,195,300,1446,1349,817,470,272,160,74,8.0,64.0
2022-07-16,5047,146,204,296,1372,1226,825,448,293,156,79,4.0,60.0
2022-07-17,3936,126,148,229,1029,1033,583,364,228,118,77,7.0,61.0
2022-07-18,3080,103,156,189,799,739,423,290,216,109,54,7.0,57.0
2022-07-19,3902,126,196,241,947,903,597,340,286,162,103,8.0,55.0
2022-07-20,5685,162,232,321,1422,1485,967,522,296,184,91,8.0,56.0
2022-07-21,4587,172,184,285,1216,1133,666,410,284,146,88,10.0,63.0
2022-07-22,3880,117,147,226,1007,905,578,393,273,136,96,14.0,50.0
2022-07-23,4816,127,198,229,1335,1268,784,452,220,119,82,9.0,49.0
2022-07-24,2720,126,105,141,635,650,418,251,202,125,66,3.0,54.0
2022-07-25,3300,115,154,188,801,760,505,303,248,149,76,9.0,51.0
2022-07-26,4759,131,211,318,1300,1192,673,399,283,150,102,9.0,52.0
2022-07-27,4503,141,171,287,1094,1136,797,398,259,139,81,10.0,59.0
2022-07-28,3926,147,179,220,1031,999,536,358,237,139,79,4.0,60.0
2022-07-29,4860,141,207,286,1288,1257,769,450,242,133,87,10.0,60.0
2022-07-30,4271,127,193,265,1070,1070,698,397,235,132,84,4.0,62.0
2022-07-31,2783,115,139,132,619,670,447,269,185,121,86,9.0,54.0
2022-08-01,3213,101,148,153,885,764,421,266,227,144,102,8.0,54.0
2022-08-02,4204,132,177,225,1030,1004,686,425,275,143,104,8.0,56.0
2022-08-03,5330,166,215,322,1386,1385,854,480,272,142,104,10.0,49.0
2022-08-04,4413,161,187,240,1077,1192,674,378,260,131,113,8.0,52.0
2022-08-05,3927,125,204,243,1000,967,587,336,223,142,99,6.0,52.0
2022-08-06,4684,147,218,256,1221,1197,779,423,237,117,88,11.0,56.0
2022-08-07,2728,132,128,149,653,642,391,242,193,112,86,6.0,52.0
2022-08-08,2863,128,135,178,658,741,429,240,171,99,79,6.0,55.0
2022-08-09,3083,142,143,198,739,773,445,281,169,110,83,12.0,62.0
2022-08-10,4896,156,260,313,1232,1273,767,423,226,132,111,12.0,68.0
2022-08-11,4831,174,242,282,1176,1217,752,469,257,167,95,10.0,60.0
2022-08-12,3943,144,204,278,1011,932,589,358,224,127,74,4.0,66.0
2022-08-13,4334,115,195,266,1105,1130,714,372,236,109,91,10.0,68.0
2022-08-14,3045,112,145,164,752,788,442,272,196,102,72,5.0,72.0
2022-08-15,2437,110,128,148,571,600,367,208,148,89,66,8.0,81.0
2022-08-16,3429,155,176,218,819,883,526,281,192,96,82,9.0,84.0
2022-08-17,3516,130,184,234,848,882,549,289,193,122,84,15.0,92.0
2022-08-18,4071,132,202,245,1011,1084,655,330,228,106,77,7.0,81.0
2022-08-19,3490,146,216,216,906,843,531,261,185,104,79,6.0,75.0
2022-08-20,2798,102,123,142,697,708,433,253,144,118,74,6.0,65.0
2022-08-21,2464,101,101,139,647,606,358,222,155,78,55,9.0,69.0
2022-08-22,2078,98,100,102,490,503,305,164,142,97,77,10.0,69.0
2022-08-23,2722,108,130,156,678,671,399,228,158,114,80,11.0,68.0
2022-08-24,2636,113,147,148,631,621,403,244,176,80,70,11.0,67.0
2022-08-25,3206,116,130,176,847,869,494,273,161,81,57,8.0,69.0
2022-08-26,3118,109,139,170,896,751,448,275,159,95,75,6.0,75.0
2022-08-27,2491,80,104,131,649,637,391,196,138,87,77,5.0,72.0
2022-08-28,2191,89,94,101,558,545,313,221,121,93,56,2.0,73.0
2022-08-29,1946,82,79,92,455,486,281,183,132,85,70,8.0,75.0
2022-08-30,2144,75,105,105,527,503,357,209,128,81,51,4.0,72.0
2022-08-31,2340,85,100,110,634,608,356,192,109,87,59,6.0,69.0
2022-09-01,2356,86,97,104,608,628,371,193,120,93,56,9.0,74.0
2022-09-02,2328,86,76,112,613,563,367,200,157,95,58,9.0,79.0
2022-09-03,2244,59,77,108,613,560,365,204,130,79,45,9.0,75.0
2022-09-04,1904,71,71,72,490,469,297,168,124,78,62,2.0,73.0
2022-09-05,1486,61,47,40,389,375,204,137,109,65,57,4.0,79.0
2022-09-06,2067,62,66,59,585,487,308,188,138,107,62,6.0,69.0
2022-09-07,2428,76,70,64,704,656,355,225,142,73,62,7.0,67.0
2022-09-08,2226,83,61,48,660,598,323,187,134,76,53,8.0,64.0
2022-09-09,1990,70,63,48,557,510,314,176,126,68,56,4.0,67.0
2022-09-10,1971,74,66,60,544,514,269,191,128,73,51,3.0,69.0
2022-09-11,1483,65,49,39,389,388,196,135,101,73,45,3.0,68.0
2022-09-12,1847,71,73,64,505,473,271,149,107,70,62,5.0,67.0
2022-09-13,1942,62,81,81,517,492,302,149,131,71,56,6.0,62.0
2022-09-14,2431,82,89,100,580,618,373,256,175,101,56,5.0,62.0
2022-09-15,2375,72,89,103,624,629,348,215,147,83,65,3.0,53.0
2022-09-16,1977,67,76,96,528,495,256,190,125,71,72,6.0,60.0
2022-09-17,1572,56,58,48,424,413,222,146,104,51,49,3.0,60.0
2022-09-18,1639,67,64,73,445,420,244,125,96,56,45,4.0,60.0
2022-09-19,1307,54,57,44,309,331,173,141,111,42,41,5.0,55.0
2022-09-20,1667,69,69,77,416,387,245,140,99,91,71,7.0,59.0
2022-09-21,2111,67,91,97,568,541,299,200,115,66,64,6.0,57.0
2022-09-22,2245,80,84,119,590,566,336,205,123,73,65,12.0,55.0
2022-09-23,2070,58,77,92,524,529,293,193,159,81,63,3.0,54.0
2022-09-24,1924,47,82,81,546,461,264,188,121,94,39,3.0,51.0
2022-09-25,1608,49,49,95,400,401,265,155,94,55,44,2.0,51.0
2022-09-26,1186,49,54,57,308,288,138,120,64,56,52,7.0,52.0
2022-09-27,1552,67,76,78,384,381,209,145,98,64,48,6.0,46.0
2022-09-28,2445,70,100,127,667,639,397,201,127,63,54,2.0,41.0
2022-09-29,1867,64,79,104,479,466,253,155,109,100,58,4.0,43.0
2022-09-30,2007,56,63,97,535,487,310,189,143,68,59,5.0,42.0
2022-10-01,1626,59,73,103,411,384,223,144,113,64,51,0.0,42.0
2022-10-02,1360,39,40,53,382,393,180,98,97,48,30,1.0,45.0
2022-10-03,1244,33,50,52,309,284,235,120,70,49,42,5.0,46.0
2022-10-04,1483,57,56,66,384,347,222,170,83,53,45,5.0,42.0
2022-10-05,1722,49,61,78,454,472,266,156,86,52,48,2.0,48.0
2022-10-06,1794,43,63,84,468,473,280,159,92,82,50,4.0,36.0
2022-10-07,1788,51,53,75,479,480,262,161,117,65,45,3.0,38.0
2022-10-08,1627,50,62,62,416,423,244,131,91,79,69,4.0,43.0
2022-10-09,1453,49,41,72,387,404,219,115,88,42,36,2.0,37.0
2022-10-10,1241,36,45,41,340,331,193,114,67,45,29,3.0,38.0
2022-10-11,1291,35,35,57,363,313,205,106,85,55,37,3.0,46.0
2022-10-12,1628,46,41,74,424,464,230,142,93,64,50,1.0,41.0
2022-10-13,2090,63,62,91,596,581,291,180,100,71,55,3.0,33.0
2022-10-14,2231,46,63,104,626,630,339,182,125,72,44,5.0,34.0
2022-10-15,2023,51,65,90,588,546,281,160,121,71,50,0.0,34.0
2022-10-16,1712,50,47,59,456,460,259,160,106,69,46,2.0,36.0
2022-10-17,1210,47,36,41,358,277,175,94,80,53,49,6.0,43.0
2022-10-18,1873,51,48,62,557,494,282,170,99,59,51,3.0,43.0
2022-10-19,2295,56,73,108,742,540,334,207,110,75,50,3.0,44.0
2022-10-20,2561,54,74,112,826,639,355,242,124,82,53,8.0,51.0
2022-10-21,2256,73,79,91,594,608,314,203,138,97,59,3.0,47.0
2022-10-22,2618,59,76,90,820,711,388,203,136,64,71,4.0,47.0
2022-10-23,2054,38,38,58,616,518,305,192,132,84,73,0.0,43.0
2022-10-24,1737,30,40,46,528,460,231,156,110,82,54,3.0,52.0
2022-10-25,1743,53,49,51,553,413,248,178,103,57,38,5.0,44.0
2022-10-26,2136,48,46,67,594,590,341,197,114,87,52,6.0,48.0
2022-10-27,2762,63,64,66,885,762,406,228,139,88,61,4.0,47.0
2022-10-28,3296,83,64,110,942,923,490,300,197,107,80,1.0,58.0
2022-10-29,3189,63,81,122,904,871,536,269,167,100,76,1.0,60.0
2022-10-30,3129,60,50,120,929,879,509,279,146,84,73,2.0,66.0
2022-10-31,2913,88,86,111,895,708,455,251,152,92,75,9.0,56.0
2022-11-01,2913,65,86,116,815,816,425,235,169,110,76,3.0,60.0
2022-11-02,3969,78,114,145,1138,1161,630,309,182,113,99,2.0,63.0
2022-11-03,4711,91,95,217,1441,1306,706,395,259,125,76,11.0,67.0
2022-11-04,4360,95,87,264,1316,1203,611,369,223,98,94,1.0,73.0
2022-11-05,4621,90,135,312,1369,1264,661,355,238,126,71,1.0,70.0
2022-11-06,3913,79,116,206,1107,1032,635,310,196,125,107,5.0,67.0
2022-11-07,2521,70,75,114,775,683,318,194,135,96,61,8.0,73.0
2022-11-08,3781,74,100,311,1132,965,558,279,159,115,88,9.0,75.0
2022-11-09,3267,74,79,284,901,785,482,309,165,100,88,10.0,91.0
2022-11-10,3436,74,72,272,856,920,567,305,184,101,85,8.0,92.0
2022-11-11,3245,66,95,289,875,742,548,247,162,110,111,4.0,87.0
2022-11-12,2882,65,74,258,803,618,456,264,152,91,101,9.0,84.0
2022-11-13,2234,61,67,117,586,521,375,205,109,99,94,2.0,91.0
2022-11-14,1749,49,42,91,478,445,263,150,93,76,62,6.0,89.0
2022-11-15,2852,63,73,184,705,788,472,230,143,100,94,12.0,97.0
2022-11-16,3304,65,72,266,816,821,531,325,192,118,98,8.0,90.0
2022-11-17,3457,54,91,193,913,911,614,303,165,99,114,9.0,89.0
2022-11-18,3037,86,83,146,867,809,452,251,138,114,91,5.0,106.0
2022-11-19,2450,47,43,82,678,670,418,221,147,69,75,5.0,91.0
2022-11-20,1633,61,35,35,415,424,248,142,104,79,90,2.0,94.0
2022-11-21,2121,71,44,77,626,567,319,168,119,74,56,14.0,92.0
2022-11-22,2516,68,60,97,613,658,393,252,152,118,105,11.0,93.0
2022-11-23,3537,75,92,146,898,1013,573,316,184,118,122,8.0,101.0
2022-11-24,2877,71,100,133,740,750,422,249,168,124,120,8.0,97.0
2022-11-25,3024,81,105,108,763,806,477,284,161,114,125,8.0,92.0
2022-11-26,2898,84,91,101,727,700,454,261,199,152,129,4.0,97.0
2022-11-27,2022,71,44,89,528,518,304,177,116,88,87,4.0,101.0
2022-11-28,2465,67,37,72,663,708,409,220,118,92,79,5.0,92.0
2022-11-29,1672,41,50,48,423,432,278,170,103,59,68,10.0,94.0
2022-11-30,1737,39,48,69,436,435,253,145,141,85,86,17.0,94.0
2022-12-01,2375,82,66,176,607,579,336,189,138,116,86,11.0,91.0
2022-12-02,2421,55,49,116,659,659,341,208,136,108,90,9.0,97.0
2022-12-03,1866,54,58,80,480,485,288,164,94,84,79,6.0,102.0
2022-12-04,1502,46,29,51,407,402,250,119,89,50,59,3.0,104.0
2022-12-05,1576,44,42,69,423,382,223,131,108,78,76,3.0,98.0
2022-12-06,1649,48,54,67,337,430,245,188,115,83,82,16.0,101.0
2022-12-07,1682,36,54,87,440,416,259,150,84,82,74,6.0,91.0
2022-12-08,1616,49,41,86,413,394,236,141,83,91,82,4.0,81.0
2022-12-09,1597,51,31,88,409,389,263,134,105,62,65,6.0,86.0
2022-12-10,1315,34,43,45,335,351,190,123,68,58,68,5.0,73.0
2022-12-11,867,25,26,28,226,200,98,90,69,50,55,10.0,78.0
2022-12-12,809,21,22,22,198,205,102,70,70,51,48,6.0,72.0
2022-12-13,1040,27,29,31,247,285,153,97,65,57,49,9.0,69.0
2022-12-14,1241,43,21,21,321,333,191,110,71,57,73,6.0,67.0
2022-12-15,1161,26,21,15,314,304,178,110,89,52,52,3.0,58.0
2022-12-16,1138,29,18,27,314,289,149,119,83,52,58,8.0,56.0
2022-12-17,993,30,27,13,237,280,163,90,64,52,37,5.0,53.0
2022-12-18,847,28,20,23,249,199,114,62,61,48,43,6.0,49.0
2022-12-19,721,18,13,15,177,180,104,55,61,47,51,2.0,44.0
2022-12-20,816,22,12,23,235,240,128,47,53,25,31,6.0,41.0
2022-12-21,984,22,23,19,282,277,151,69,62,44,35,7.0,37.0
2022-12-22,858,24,18,16,246,248,116,64,47,38,41,3.0,46.0
2022-12-23,902,24,21,12,250,262,136,74,48,37,38,6.0,44.0
2022-12-24,766,17,9,6,196,210,130,66,48,48,36,1.0,42.0
2022-12-25,609,16,13,11,161,163,79,53,46,31,36,0.0,43.0
2022-12-26,480,12,6,11,112,130,64,39,37,42,27,4.0,45.0
2022-12-27,423,17,11,5,89,97,63,37,33,36,35,6.0,43.0
2022-12-28,480,19,9,9,113,112,62,44,40,32,40,4.0,41.0
2022-12-29,679,25,13,4,177,171,114,62,44,30,39,6.0,34.0
2022-12-30,583,17,9,12,131,153,85,73,41,28,34,1.0,32.0
2022-12-31,513,17,10,16,111,127,78,48,45,27,34,1.0,33.0
2023-01-01,420,16,6,12,101,101,65,38,31,23,27,4.0,30.0
2023-01-02,360,13,11,6,70,88,63,36,23,24,26,1.0,30.0
2023-01-03,333,15,11,15,75,75,49,27,23,17,26,1.0,32.0
2023-01-04,433,19,14,18,105,105,69,42,18,27,16,0.0,31.0
2023-01-05,571,13,18,16,121,140,91,55,39,37,41,7.0,38.0
2023-01-06,543,18,16,16,125,147,85,51,29,27,29,4.0,33.0
2023-01-07,571,18,19,19,139,171,82,49,29,16,29,4.0,34.0
2023-01-08,405,16,13,16,103,80,59,49,31,24,14,1.0,32.0
2023-01-09,383,13,15,17,91,108,47,28,22,29,13,8.0,28.0
2023-01-10,380,15,10,10,107,90,52,33,20,24,19,9.0,26.0
2023-01-11,367,18,25,14,63,81,60,32,27,24,23,9.0,24.0
2023-01-12,383,12,18,13,98,99,46,31,28,21,17,4.0,20.0
2023-01-13,320,8,12,21,76,74,46,27,22,16,18,3.0,17.0
2023-01-14,287,15,9,12,77,59,43,28,16,13,15,0.0,20.0
2023-01-15,244,10,12,7,55,57,38,24,20,12,9,0.0,20.0
2023-01-16,227,2,9,6,48,67,29,24,19,10,13,6.0,21.0
2023-01-17,350,11,10,21,75,80,58,35,23,18,19,5.0,16.0
2023-01-18,371,9,15,18,88,102,58,21,20,24,16,4.0,16.0
2023-01-19,318,14,14,14,72,86,48,29,14,15,12,0.0,19.0
2023-01-20,285,13,13,12,64,72,37,25,21,15,13,7.0,16.0
2023-01-21,293,7,11,10,47,80,45,28,20,16,29,2.0,12.0
2023-01-22,309,7,8,7,89,84,40,26,12,17,19,0.0,13.0
2023-01-23,142,4,4,5,29,37,26,11,11,9,6,0.0,16.0
2023-01-24,101,2,5,3,23,34,10,9,6,5,4,0.0,12.0
2023-01-25,132,3,5,2,28,29,21,11,14,10,9,1.0,11.0
2023-01-26,172,3,11,7,40,40,23,13,14,9,12,3.0,13.0
2023-01-27,236,10,10,11,44,57,34,26,20,8,16,2.0,14.0
2023-01-28,258,9,3,10,71,76,42,17,11,10,9,2.0,17.0
2023-01-29,269,12,7,6,68,69,36,20,20,12,19,0.0,21.0
2023-01-30,202,8,15,2,47,51,38,17,12,4,8,2.0,23.0
2023-01-31,251,6,7,13,52,67,48,19,13,17,9,0.0,15.0
2023-02-01,325,7,10,29,83,67,51,38,22,9,9,0.0,14.0
2023-02-02,324,7,11,9,96,74,60,26,13,11,17,0.0,12.0
2023-02-03,340,6,14,12,90,78,55,33,30,11,11,0.0,8.0
2023-02-04,202,7,8,9,51,54,23,8,18,8,16,1.0,6.0
2023-02-05,211,12,6,7,50,58,23,13,20,11,11,0.0,10.0
2023-02-06,175,10,10,2,35,51,20,19,15,6,7,1.0,6.0
2023-02-07,184,7,5,8,34,43,30,18,13,11,15,2.0,4.0
2023-02-08,189,13,3,3,45,36,33,19,20,8,9,0.0,7.0
2023-02-09,269,8,13,5,70,62,43,19,19,17,13,0.0,8.0
2023-02-10,255,6,7,8,66,92,37,12,11,11,5,4.0,12.0
2023-02-11,259,5,16,8,66,64,35,23,17,6,19,1.0,11.0
2023-02-12,160,6,11,4,47,39,19,12,6,8,8,0.0,9.0
2023-02-13,164,5,4,4,43,38,25,13,10,12,10,1.0,11.0
2023-02-14,200,8,6,6,59,54,24,12,16,5,10,1.0,11.0
2023-02-15,237,5,11,5,63,51,38,29,16,13,6,1.0,8.0
2023-02-16,281,6,11,8,76,73,42,34,12,7,12,0.0,8.0
2023-02-17,241,11,5,7,62,64,39,23,14,6,10,0.0,9.0
2023-02-18,212,1,4,4,53,62,34,23,14,8,9,1.0,6.0
2023-02-19,186,4,5,1,39,64,37,11,10,6,9,1.0,7.0
2023-02-20,167,7,4,2,41,45,24,19,15,6,4,1.0,9.0
2023-02-21,184,4,3,6,43,52,31,18,12,8,7,0.0,8.0
2023-02-22,229,3,3,6,48,67,45,17,15,12,13,0.0,8.0
2023-02-23,224,6,6,5,53,65,38,21,16,8,6,0.0,9.0
2023-02-24,204,3,2,3,50,64,38,16,10,11,7,0.0,9.0
2023-02-25,173,4,2,0,46,58,19,20,12,5,7,0.0,12.0
2023-02-26,207,3,8,3,48,71,28,11,12,10,13,0.0,10.0
2023-02-27,190,6,3,4,38,47,22,15,13,17,25,0.0,6.0
2023-02-28,206,10,2,3,52,59,30,16,13,9,12,1.0,7.0
2023-03-01,217,4,8,5,62,59,34,18,6,14,7,2.0,7.0
2023-03-02,244,2,4,5,58,71,33,31,17,7,16,5.0,7.0
2023-03-03,204,6,6,4,61,52,24,20,13,9,9,0.0,6.0
2023-03-04,170,3,4,2,42,52,17,18,9,11,12,0.0,4.0
2023-03-05,164,6,5,1,38,50,27,13,8,11,5,1.0,2.0
2023-03-06,188,9,6,8,46,57,20,16,10,12,4,0.0,2.0
2023-03-07,226,7,5,7,49,69,35,23,19,8,4,0.0,4.0
2023-03-08,235,5,5,4,53,81,32,23,15,10,7,1.0,7.0
2023-03-09,279,6,4,3,63,85,49,27,19,12,11,0.0,5.0
2023-03-10,251,4,5,7,76,62,38,29,8,8,14,0.0,6.0
2023-03-11,223,4,6,3,51,67,38,22,11,10,11,0.0,5.0
2023-03-12,227,7,5,4,67,52,42,18,13,9,10,1.0,11.0
2023-03-13,217,7,8,5,61,54,29,18,14,9,12,0.0,10.0
2023-03-14,269,6,7,5,80,69,31,21,17,18,15,2.0,6.0
2023-03-15,273,4,8,6,73,80,51,19,14,7,11,1.0,5.0
2023-03-16,311,6,4,7,69,92,63,31,14,12,13,1.0,3.0
2023-03-17,281,5,2,7,80,74,46,31,13,9,14,0.0,5.0
2023-03-18,270,8,2,4,83,81,38,26,17,8,3,0.0,8.0
2023-03-19,257,5,6,5,78,62,29,24,22,16,10,0.0,10.0
2023-03-20,197,9,11,5,42,50,36,16,9,9,10,2.0,11.0
2023-03-21,320,7,5,7,76,102,45,23,20,20,15,0.0,11.0
2023-03-22,367,10,16,8,90,113,47,36,19,10,18,1.0,12.0
2023-03-23,346,10,8,11,101,91,45,37,16,11,16,0.0,13.0
2023-03-24,386,9,10,12,102,104,66,31,20,17,15,3.0,11.0
2023-03-25,355,11,17,19,94,90,51,38,15,9,11,1.0,11.0
2023-03-26,327,9,12,13,82,93,60,27,16,3,12,0.0,9.0
2023-03-27,226,8,5,15,61,52,29,16,15,8,17,2.0,9.0
2023-03-28,357,10,18,12,72,108,69,21,17,8,22,1.0,8.0
2023-03-29,461,12,24,34,138,98,57,28,27,18,25,1.0,8.0
2023-03-30,493,10,12,100,123,89,69,32,21,17,20,0.0,9.0
2023-03-31,606,7,17,142,105,149,83,31,27,22,23,0.0,10.0
2023-04-01,599,9,16,150,114,120,81,36,30,18,25,1.0,13.0
2023-04-02,430,8,9,42,126,100,51,36,19,13,26,0.0,12.0
2023-04-03,458,10,20,59,121,92,54,38,24,20,20,2.0,13.0
2023-04-04,611,6,24,173,102,138,86,32,24,12,14,3.0,12.0
2023-04-05,747,10,23,159,168,174,101,44,26,16,26,1.0,9.0
2023-04-06,805,16,33,133,189,193,108,47,29,24,33,5.0,10.0
2023-04-07,797,15,27,123,198,175,113,58,41,21,26,1.0,7.0
2023-04-08,726,21,29,121,159,158,104,57,25,21,31,0.0,10.0
2023-04-09,517,11,13,43,137,134,70,35,22,14,38,0.0,13.0
2023-04-10,539,10,19,37,119,142,87,51,24,21,29,1.0,9.0
2023-04-11,598,11,19,64,129,148,99,46,32,21,29,1.0,9.0
2023-04-12,900,17,19,143,207,199,143,78,39,26,29,0.0,15.0
2023-04-13,875,15,15,86,212,215,132,73,49,34,44,0.0,15.0
2023-04-14,839,18,36,61,222,199,127,73,45,29,29,1.0,13.0
2023-04-15,881,17,17,116,212,242,123,67,30,20,37,1.0,14.0
2023-04-16,739,12,23,92,163,177,112,57,38,29,36,0.0,19.0
2023-04-17,490,5,10,19,177,120,69,32,19,13,26,3.0,22.0
2023-04-18,790,20,26,63,159,211,110,62,58,43,38,4.0,20.0
2023-04-19,784,18,28,33,190,195,129,60,50,42,39,2.0,14.0
2023-04-20,750,18,20,32,189,218,114,56,33,32,38,0.0,14.0
2023-04-21,702,14,21,25,190,198,91,63,40,31,29,1.0,13.0
2023-04-22,562,17,10,14,114,142,113,48,33,33,38,1.0,16.0
2023-04-23,449,12,4,6,139,121,55,38,32,27,15,0.0,13.0
2023-04-24,387,10,11,8,107,99,53,32,21,21,25,0.0,29.0
2023-04-25,561,23,9,13,141,149,52,51,45,38,40,3.0,25.0
2023-04-26,617,19,11,11,158,149,94,54,42,35,44,3.0,27.0
2023-04-27,832,18,15,13,208,202,143,78,56,49,50,4.0,26.0
2023-04-28,1067,26,12,20,279,280,166,84,66,59,75,2.0,31.0
2023-04-29,1050,23,20,22,241,286,173,101,59,54,71,0.0,29.0
2023-04-30,968,21,25,23,262,274,121,72,53,50,67,1.0,64.0
2023-05-01,793,22,14,16,216,186,117,68,44,61,49,2.0,41.0
2023-05-02,793,15,19,26,194,203,114,61,50,53,58,4.0,41.0
2023-05-03,1353,37,47,43,320,362,210,116,69,64,85,5.0,44.0
2023-05-04,1409,41,41,67,357,370,210,111,77,65,70,1.0,43.0
2023-05-05,1170,19,40,52,269,320,181,94,58,59,78,3.0,44.0
2023-05-06,1110,26,44,41,259,287,174,97,79,43,60,2.0,41.0
2023-05-07,977,16,32,38,231,275,142,87,55,50,51,0.0,41.0
2023-05-08,1046,23,36,31,234,274,169,105,61,58,55,2.0,41.0
2023-05-09,1261,38,45,73,241,260,261,113,73,51,106,4.0,41.0
2023-05-10,1433,24,56,86,347,372,234,107,73,74,60,4.0,41.0
2023-05-11,1329,32,53,77,281,372,217,108,72,47,70,5.0,37.0
2023-05-12,1322,20,39,182,278,358,147,123,67,54,54,2.0,37.0
2023-05-13,1205,25,37,82,314,324,163,89,59,33,79,5.0,36.0
2023-05-14,740,12,17,70,202,143,93,69,43,41,50,1.0,41.0
2023-05-15,740,17,17,63,134,202,112,73,45,29,48,4.0,38.0
2023-05-16,1064,15,33,59,225,292,174,87,66,37,76,8.0,41.0
2023-05-17,1019,22,45,57,224,292,178,83,35,42,41,3.0,42.0
2023-05-18,1119,25,36,67,236,299,164,115,70,46,61,2.0,45.0
2023-05-19,971,15,40,60,231,241,162,76,64,41,41,3.0,39.0
2023-05-20,786,18,20,27,192,205,130,63,43,41,47,3.0,34.0
2023-05-21,749,14,35,34,161,200,109,66,42,38,50,5.0,33.0
2023-05-22,653,16,20,90,114,167,76,55,40,33,42,1.0,33.0
2023-05-23,947,18,35,37,209,255,165,77,59,44,48,2.0,28.0
2023-05-24,1001,24,44,69,189,278,173,89,46,35,54,2.0,22.0
2023-05-25,843,17,33,50,203,221,132,78,43,26,40,2.0,24.0
2023-05-26,826,19,33,51,174,238,140,54,32,37,48,4.0,26.0
2023-05-27,782,23,33,35,173,215,111,64,51,27,50,1.0,30.0
2023-05-28,582,7,11,17,169,141,90,52,32,28,35,0.0,35.0
2023-05-29,513,9,16,19,120,134,75,48,30,33,29,4.0,30.0
2023-05-30,779,15,24,30,174,180,136,70,55,39,56,4.0,23.0
2023-05-31,745,14,17,18,150,246,126,59,48,32,35,3.0,26.0
2023-06-01,666,12,16,11,184,190,112,41,38,25,37,2.0,22.0
2023-06-02,669,13,25,21,164,186,104,57,40,28,31,2.0,26.0
2023-06-03,569,13,19,11,134,134,84,52,43,35,44,0.0,22.0
2023-06-04,460,9,8,12,122,141,63,27,31,20,27,3.0,21.0
2023-06-05,344,4,4,8,95,77,63,29,16,21,27,0.0,21.0
2023-06-06,427,14,10,15,89,113,60,33,26,28,39,1.0,21.0
2023-06-07,660,15,18,22,158,177,114,54,43,32,27,2.0,18.0
2023-06-08,681,13,16,33,169,190,117,43,28,24,48,1.0,21.0
2023-06-09,624,8,22,24,152,171,117,46,32,20,32,2.0,17.0
2023-06-10,618,8,30,27,133,169,77,67,37,30,40,1.0,13.0
2023-06-11,512,13,13,14,130,140,84,49,25,17,27,3.0,13.0
2023-06-12,352,7,11,16,75,77,46,38,31,23,28,2.0,19.0
2023-06-13,573,21,12,20,117,143,95,64,33,26,42,0.0,19.0
2023-06-14,536,17,16,21,129,139,90,43,27,19,35,1.0,16.0
2023-06-15,466,8,18,18,100,129,72,44,21,21,35,1.0,14.0
2023-06-16,594,12,20,22,153,160,99,52,30,21,25,3.0,17.0
2023-06-17,400,6,9,15,120,90,58,38,19,20,25,0.0,15.0
2023-06-18,366,4,15,19,68,91,69,28,25,18,29,0.0,15.0
2023-06-19,284,7,9,14,67,61,47,20,20,14,25,2.0,18.0
2023-06-20,416,6,16,19,99,106,58,36,24,17,35,3.0,18.0
2023-06-21,449,11,26,34,109,101,61,40,30,12,25,2.0,15.0
2023-06-22,417,13,20,22,93,122,60,27,19,12,29,0.0,15.0
2023-06-23,425,4,8,17,126,99,59,39,25,25,23,3.0,14.0
2023-06-24,341,5,10,19,86,85,58,24,11,16,27,1.0,16.0
2023-06-25,278,13,12,9,58,79,40,22,22,6,17,0.0,19.0
2023-06-26,160,8,11,10,24,38,21,16,4,16,12,0.0,18.0
2023-06-27,282,10,9,7,54,87,44,23,18,13,17,0.0,15.0
2023-06-28,252,5,14,9,44,69,52,21,13,10,15,0.0,15.0
2023-06-29,223,8,8,6,41,64,53,21,5,5,12,0.0,14.0
2023-06-30,182,4,3,5,48,44,20,17,13,16,12,0.0,8.0
